gene,fraction of strains,genome
NZ_CP009610.1|cds-WP_038441151.1,1.000000,CORE
NZ_CP009610.1|cds-WP_005670099.1,1.000000,CORE
NZ_CP009610.1|cds-WP_011272617.1,0.100000,FLEX
NZ_CP009610.1|cds-WP_005629246.1,1.000000,CORE
NZ_CP009610.1|cds-WP_038440774.1,1.000000,CORE
NZ_CP009610.1|cds-WP_005650606.1,1.000000,CORE
NZ_CP009610.1|cds-WP_038440325.1,1.000000,CORE
NZ_CP009610.1|cds-WP_011272238.1,1.000000,CORE
NZ_CP009610.1|cds-WP_010868923.1,1.000000,CORE
NZ_CP009610.1|cds-WP_011272659.1,0.300000,FLEX
NZ_CP009610.1|cds-WP_014550938.1,1.000000,CORE
NZ_CP009610.1|cds-WP_038441178.1,1.000000,CORE
NZ_CP009610.1|cds-WP_011272226.1,1.000000,CORE
NZ_CP009610.1|cds-WP_011272204.1,1.000000,CORE
NZ_CP009610.1|cds-WP_005688115.1,1.000000,CORE
NZ_CP009610.1|cds-WP_005651622.1,1.000000,CORE
NZ_CP009610.1|cds-WP_005668467.1,0.200000,FLEX
NZ_CP009610.1|cds-WP_005656589.1,1.000000,CORE
NZ_CP009610.1|cds-WP_038441220.1,1.000000,CORE
NZ_CP009610.1|cds-WP_011272388.1,1.000000,CORE
NZ_CP009610.1|cds-WP_011272718.1,1.000000,CORE
NZ_CP009610.1|cds-WP_005632923.1,1.000000,CORE
NZ_CP009610.1|cds-WP_005657016.1,1.000000,CORE
NZ_CP009610.1|cds-WP_014550625.1,1.000000,CORE
NZ_CP009610.1|cds-WP_005689855.1,1.000000,CORE
NZ_CP009610.1|cds-WP_005651583.1,1.000000,CORE
NZ_CP009610.1|cds-WP_011272436.1,1.000000,CORE
NZ_CP009610.1|cds-WP_005654871.1,1.000000,CORE
NZ_CP009610.1|cds-WP_011272191.1,1.000000,CORE
NZ_CP009610.1|cds-WP_011272051.1,1.000000,CORE
NZ_CP009610.1|cds-WP_005649565.1,1.000000,CORE
NZ_CP009610.1|cds-WP_038440477.1,1.000000,CORE
NZ_CP009610.1|cds-WP_172643538.1,1.000000,CORE
NZ_CP009610.1|cds-WP_038440495.1,1.000000,CORE
NZ_CP009610.1|cds-WP_038440955.1,1.000000,CORE
NZ_CP009610.1|cds-WP_005668629.1,1.000000,CORE
NZ_CP009610.1|cds-WP_038441369.1,1.000000,CORE
NZ_CP009610.1|cds-WP_038440912.1,1.000000,CORE
NZ_CP009610.1|cds-WP_005659739.1,1.000000,CORE
NZ_CP009610.1|cds-WP_005649857.1,1.000000,CORE
NZ_CP009610.1|cds-NF38_RS09360,0.800000,FLEX
NZ_CP009610.1|cds-WP_005649599.1,1.000000,CORE
NZ_CP009610.1|cds-WP_015701912.1,1.000000,CORE
NZ_CP009610.1|cds-WP_011271777.1,1.000000,CORE
NZ_CP009610.1|cds-WP_005631703.1,1.000000,CORE
NZ_CP009610.1|cds-WP_005692744.1,1.000000,CORE
NZ_CP009610.1|cds-WP_005691371.1,1.000000,CORE
NZ_CP009610.1|cds-WP_038440953.1,1.000000,CORE
NZ_CP009610.1|cds-WP_005686883.1,1.000000,CORE
NZ_CP009610.1|cds-WP_038441394.1,0.800000,FLEX
NZ_CP009610.1|cds-WP_005651833.1,1.000000,CORE
NZ_CP009610.1|cds-WP_005647600.1,1.000000,CORE
NZ_CP009610.1|cds-WP_038440620.1,1.000000,CORE
NZ_CP009610.1|cds-WP_038440889.1,1.000000,CORE
NZ_CP009610.1|cds-WP_038441365.1,1.000000,CORE
NZ_CP009610.1|cds-WP_005668475.1,0.200000,FLEX
NZ_CP009610.1|cds-WP_005662492.1,1.000000,CORE
NZ_CP009610.1|cds-WP_038440879.1,1.000000,CORE
NZ_CP009610.1|cds-WP_005688363.1,1.000000,CORE
NZ_CP009610.1|cds-WP_038440819.1,1.000000,CORE
NZ_CP009610.1|cds-WP_005686868.1,1.000000,CORE
NZ_CP009610.1|cds-WP_005650310.1,1.000000,CORE
NZ_CP009610.1|cds-WP_005539872.1,1.000000,CORE
NZ_CP009610.1|cds-WP_038440429.1,1.000000,CORE
NZ_CP009610.1|cds-WP_005638526.1,1.000000,CORE
NZ_CP009610.1|cds-WP_038440930.1,1.000000,CORE
NZ_CP009610.1|cds-WP_005649108.1,1.000000,CORE
NZ_CP009610.1|cds-WP_011271789.1,1.000000,CORE
NZ_CP009610.1|cds-WP_005658239.1,1.000000,CORE
NZ_CP009610.1|cds-WP_005671165.1,1.000000,CORE
NZ_CP009610.1|cds-WP_005665397.1,1.000000,CORE
NZ_CP009610.1|cds-WP_005689035.1,1.000000,CORE
NZ_CP009610.1|cds-WP_011272695.1,0.800000,FLEX
NZ_CP009610.1|cds-WP_038441122.1,1.000000,CORE
NZ_CP009610.1|cds-WP_011272197.1,1.000000,CORE
NZ_CP009610.1|cds-WP_005649577.1,1.000000,CORE
NZ_CP009610.1|cds-WP_038440999.1,1.000000,CORE
NZ_CP009610.1|cds-NF38_RS08050,1.000000,CORE
NZ_CP009610.1|cds-WP_011272442.1,1.000000,CORE
NZ_CP009610.1|cds-WP_005664438.1,1.000000,CORE
NZ_CP009610.1|cds-WP_011272698.1,1.000000,CORE
NZ_CP009610.1|cds-WP_038440779.1,1.000000,CORE
NZ_CP009610.1|cds-WP_038441329.1,1.000000,CORE
NZ_CP009610.1|cds-WP_005648504.1,1.000000,CORE
NZ_CP009610.1|cds-WP_038440321.1,1.000000,CORE
NZ_CP009610.1|cds-WP_014550935.1,1.000000,CORE
NZ_CP009610.1|cds-WP_011271778.1,1.000000,CORE
NZ_CP009610.1|cds-WP_005656616.1,1.000000,CORE
NZ_CP009610.1|cds-WP_005627209.1,1.000000,CORE
NZ_CP009610.1|cds-WP_011271784.1,1.000000,CORE
NZ_CP009610.1|cds-WP_005686506.1,1.000000,CORE
NZ_CP009610.1|cds-WP_038440442.1,1.000000,CORE
NZ_CP009610.1|cds-WP_005648665.1,1.000000,CORE
NZ_CP009610.1|cds-WP_038441025.1,1.000000,CORE
NZ_CP009610.1|cds-WP_005688971.1,1.000000,CORE
NZ_CP009610.1|cds-WP_038441037.1,1.000000,CORE
NZ_CP009610.1|cds-WP_005647511.1,1.000000,CORE
NZ_CP009610.1|cds-WP_005652648.1,1.000000,CORE
NZ_CP009610.1|cds-WP_005658606.1,1.000000,CORE
NZ_CP009610.1|cds-WP_038441027.1,1.000000,CORE
NZ_CP009610.1|cds-WP_011272546.1,1.000000,CORE
NZ_CP009610.1|cds-WP_038440679.1-2,0.200000,FLEX
NZ_CP009610.1|cds-WP_005658235.1,1.000000,CORE
NZ_CP009610.1|cds-NF38_RS09305,1.000000,CORE
NZ_CP009610.1|cds-WP_005651726.1,1.000000,CORE
NZ_CP009610.1|cds-WP_011272688.1,0.200000,FLEX
NZ_CP009610.1|cds-WP_005686956.1,1.000000,CORE
NZ_CP009610.1|cds-WP_038440471.1,1.000000,CORE
NZ_CP009610.1|cds-WP_011272246.1,1.000000,CORE
NZ_CP009610.1|cds-WP_038441160.1,1.000000,CORE
NZ_CP009610.1|cds-WP_038440339.1,1.000000,CORE
NZ_CP009610.1|cds-WP_005633930.1,1.000000,CORE
NZ_CP009610.1|cds-WP_011272075.1,1.000000,CORE
NZ_CP009610.1|cds-WP_005625873.1,1.000000,CORE
NZ_CP009610.1|cds-WP_038441413.1,1.000000,CORE
NZ_CP009610.1|cds-WP_005630808.1,1.000000,CORE
NZ_CP009610.1|cds-WP_005657019.1,1.000000,CORE
NZ_CP009610.1|cds-WP_005633396.1,1.000000,CORE
NZ_CP009610.1|cds-WP_005689404.1,1.000000,CORE
NZ_CP009610.1|cds-WP_038441120.1,1.000000,CORE
NZ_CP009610.1|cds-WP_005657449.1,1.000000,CORE
NZ_CP009610.1|cds-WP_038440918.1,1.000000,CORE
NZ_CP009610.1|cds-WP_038440844.1,1.000000,CORE
NZ_CP009610.1|cds-WP_005655523.1,1.000000,CORE
NZ_CP009610.1|cds-WP_005647699.1,1.000000,CORE
NZ_CP009610.1|cds-WP_005634314.1,1.000000,CORE
NZ_CP009610.1|cds-WP_038441030.1,1.000000,CORE
NZ_CP009610.1|cds-WP_005657179.1,1.000000,CORE
NZ_CP009610.1|cds-WP_005596075.1,1.000000,CORE
NZ_CP009610.1|cds-WP_005649396.1,1.000000,CORE
NZ_CP009610.1|cds-WP_005653088.1,0.200000,FLEX
NZ_CP009610.1|cds-WP_011272071.1,1.000000,CORE
NZ_CP009610.1|cds-WP_005650692.1,1.000000,CORE
NZ_CP009610.1|cds-WP_011272050.1,1.000000,CORE
NZ_CP009610.1|cds-WP_032824907.1,1.000000,CORE
NZ_CP009610.1|cds-WP_038441302.1,1.000000,CORE
NZ_CP009610.1|cds-WP_011272100.1,1.000000,CORE
NZ_CP009610.1|cds-WP_005650500.1,1.000000,CORE
NZ_CP009610.1|cds-WP_005639269.1,1.000000,CORE
NZ_CP009610.1|cds-WP_005656914.1,1.000000,CORE
NZ_CP009610.1|cds-WP_005661551.1,1.000000,CORE
NZ_CP009610.1|cds-WP_011272463.1,1.000000,CORE
NZ_CP009610.1|cds-WP_005663527.1,1.000000,CORE
NZ_CP009610.1|cds-WP_005667412.1,1.000000,CORE
NZ_CP009610.1|cds-WP_005662331.1,1.000000,CORE
NZ_CP009610.1|cds-WP_005631770.1,1.000000,CORE
NZ_CP009610.1|cds-WP_038440947.1,1.000000,CORE
NZ_CP009610.1|cds-WP_011272082.1,1.000000,CORE
NZ_CP009610.1|cds-WP_011271957.1,1.000000,CORE
NZ_CP009610.1|cds-WP_005654781.1,1.000000,CORE
NZ_CP009610.1|cds-WP_038440615.1,0.200000,FLEX
NZ_CP009610.1|cds-WP_005626416.1,1.000000,CORE
NZ_CP009610.1|cds-WP_038441176.1,1.000000,CORE
NZ_CP009610.1|cds-WP_005656779.1,1.000000,CORE
NZ_CP009610.1|cds-WP_038441032.1,1.000000,CORE
NZ_CP009610.1|cds-WP_005648788.1,1.000000,CORE
NZ_CP009610.1|cds-WP_038440334.1,1.000000,CORE
NZ_CP009610.1|cds-WP_005690723.1,1.000000,CORE
NZ_CP009610.1|cds-WP_011272086.1,1.000000,CORE
NZ_CP009610.1|cds-WP_038441054.1,1.000000,CORE
NZ_CP009610.1|cds-WP_038440745.1,1.000000,CORE
NZ_CP009610.1|cds-WP_011272598.1,1.000000,CORE
NZ_CP009610.1|cds-WP_005686601.1,1.000000,CORE
NZ_CP009610.1|cds-WP_005658489.1,1.000000,CORE
NZ_CP009610.1|cds-WP_005648344.1,1.000000,CORE
NZ_CP009610.1|cds-WP_005686891.1,1.000000,CORE
NZ_CP009610.1|cds-WP_038440499.1,1.000000,CORE
NZ_CP009610.1|cds-WP_005539760.1,1.000000,CORE
NZ_CP009610.1|cds-WP_038440301.1,1.000000,CORE
NZ_CP009610.1|cds-WP_011272241.1,1.000000,CORE
NZ_CP009610.1|cds-WP_014550937.1,1.000000,CORE
NZ_CP009610.1|cds-WP_011271776.1,1.000000,CORE
NZ_CP009610.1|cds-WP_038441453.1,1.000000,CORE
NZ_CP009610.1|cds-WP_005650804.1,1.000000,CORE
NZ_CP009610.1|cds-WP_005686571.1,1.000000,CORE
NZ_CP009610.1|cds-WP_011272006.1,1.000000,CORE
NZ_CP009610.1|cds-WP_011271812.1,1.000000,CORE
NZ_CP009610.1|cds-WP_005687196.1,1.000000,CORE
NZ_CP009610.1|cds-WP_005544470.1,1.000000,CORE
NZ_CP009610.1|cds-WP_005625881.1,1.000000,CORE
NZ_CP009610.1|cds-WP_038440873.1,1.000000,CORE
NZ_CP009610.1|cds-WP_038440295.1,0.900000,FLEX
NZ_CP009610.1|cds-WP_011272716.1,1.000000,CORE
NZ_CP009610.1|cds-WP_011272069.1,1.000000,CORE
NZ_CP009610.1|cds-WP_038440882.1,1.000000,CORE
NZ_CP009610.1|cds-WP_005650033.1,1.000000,CORE
NZ_CP009610.1|cds-WP_038440291.1,1.000000,CORE
NZ_CP009610.1|cds-WP_038440739.1,1.000000,CORE
NZ_CP009610.1|cds-WP_011271962.1,1.000000,CORE
NZ_CP009610.1|cds-WP_011272761.1,1.000000,CORE
NZ_CP009610.1|cds-WP_005632808.1,1.000000,CORE
NZ_CP009610.1|cds-WP_005652408.1,1.000000,CORE
NZ_CP009610.1|cds-WP_005625868.1,1.000000,CORE
NZ_CP009610.1|cds-WP_038440476.1,1.000000,CORE
NZ_CP009610.1|cds-WP_005648547.1,1.000000,CORE
NZ_CP009610.1|cds-WP_005669116.1,1.000000,CORE
NZ_CP009610.1|cds-WP_005656793.1,1.000000,CORE
NZ_CP009610.1|cds-WP_038440417.1,1.000000,CORE
NZ_CP009610.1|cds-WP_005648474.1,1.000000,CORE
NZ_CP009610.1|cds-WP_011272090.1,1.000000,CORE
NZ_CP009610.1|cds-WP_038441222.1,1.000000,CORE
NZ_CP009610.1|cds-WP_021034921.1,1.000000,CORE
NZ_CP009610.1|cds-WP_038441104.1,1.000000,CORE
NZ_CP009610.1|cds-WP_038441034.1,1.000000,CORE
NZ_CP009610.1|cds-WP_032824011.1,1.000000,CORE
NZ_CP009610.1|cds-WP_005688349.1,1.000000,CORE
NZ_CP009610.1|cds-WP_011272709.1,1.000000,CORE
NZ_CP009610.1|cds-WP_011271992.1,1.000000,CORE
NZ_CP009610.1|cds-WP_005630900.1,1.000000,CORE
NZ_CP009610.1|cds-WP_105873601.1,1.000000,CORE
NZ_CP009610.1|cds-WP_015701509.1,0.900000,FLEX
NZ_CP009610.1|cds-WP_011272559.1,0.600000,FLEX
NZ_CP009610.1|cds-WP_005658223.1,1.000000,CORE
NZ_CP009610.1|cds-WP_005657112.1,1.000000,CORE
NZ_CP009610.1|cds-WP_005652786.1,1.000000,CORE
NZ_CP009610.1|cds-WP_005659251.1,1.000000,CORE
NZ_CP009610.1|cds-WP_005654589.1,1.000000,CORE
NZ_CP009610.1|cds-WP_005648709.1,1.000000,CORE
NZ_CP009610.1|cds-WP_005650818.1,1.000000,CORE
NZ_CP009610.1|cds-WP_005649402.1,1.000000,CORE
NZ_CP009610.1|cds-WP_038440314.1,1.000000,CORE
NZ_CP009610.1|cds-NF38_RS04890,1.000000,CORE
NZ_CP009610.1|cds-WP_038441447.1,1.000000,CORE
NZ_CP009610.1|cds-WP_038441307.1,1.000000,CORE
NZ_CP009610.1|cds-WP_005649445.1,1.000000,CORE
NZ_CP009610.1|cds-WP_038441411.1,1.000000,CORE
NZ_CP009610.1|cds-WP_005648600.1,1.000000,CORE
NZ_CP009610.1|cds-WP_005647625.1,1.000000,CORE
NZ_CP009610.1|cds-WP_038440940.1,1.000000,CORE
NZ_CP009610.1|cds-WP_038440988.1,1.000000,CORE
NZ_CP009610.1|cds-WP_005652821.1,1.000000,CORE
NZ_CP009610.1|cds-WP_005647998.1,1.000000,CORE
NZ_CP009610.1|cds-WP_011272268.1,1.000000,CORE
NZ_CP009610.1|cds-WP_005693292.1,1.000000,CORE
NZ_CP009610.1|cds-WP_011272433.1,1.000000,CORE
NZ_CP009610.1|cds-WP_005650217.1,1.000000,CORE
NZ_CP009610.1|cds-WP_005647222.1,1.000000,CORE
NZ_CP009610.1|cds-WP_038440896.1,1.000000,CORE
NZ_CP009610.1|cds-WP_014550753.1,0.100000,FLEX
NZ_CP009610.1|cds-WP_005651072.1,1.000000,CORE
NZ_CP009610.1|cds-WP_005647500.1,1.000000,CORE
NZ_CP009610.1|cds-WP_038440287.1,1.000000,CORE
NZ_CP009610.1|cds-WP_005648308.1,1.000000,CORE
NZ_CP009610.1|cds-WP_038441331.1,1.000000,CORE
NZ_CP009610.1|cds-WP_005654693.1,1.000000,CORE
NZ_CP009610.1|cds-WP_005653955.1,1.000000,CORE
NZ_CP009610.1|cds-WP_011272552.1,1.000000,CORE
NZ_CP009610.1|cds-WP_038441158.1,1.000000,CORE
NZ_CP009610.1|cds-WP_038441076.1,1.000000,CORE
NZ_CP009610.1|cds-WP_005662423.1,1.000000,CORE
NZ_CP009610.1|cds-WP_005686454.1,1.000000,CORE
NZ_CP009610.1|cds-WP_005629111.1,1.000000,CORE
NZ_CP009610.1|cds-WP_005667899.1,1.000000,CORE
NZ_CP009610.1|cds-WP_038440450.1,1.000000,CORE
NZ_CP009610.1|cds-WP_005657628.1,1.000000,CORE
NZ_CP009610.1|cds-WP_005650404.1,1.000000,CORE
NZ_CP009610.1|cds-WP_005653865.1,1.000000,CORE
NZ_CP009610.1|cds-WP_011271925.1,1.000000,CORE
NZ_CP009610.1|cds-WP_005660047.1,1.000000,CORE
NZ_CP009610.1|cds-WP_038441377.1,1.000000,CORE
NZ_CP009610.1|cds-WP_038441117.1,1.000000,CORE
NZ_CP009610.1|cds-WP_005690707.1,1.000000,CORE
NZ_CP009610.1|cds-WP_005686884.1,1.000000,CORE
NZ_CP009610.1|cds-WP_038440951.1,1.000000,CORE
NZ_CP009610.1|cds-WP_005661211.1,1.000000,CORE
NZ_CP009610.1|cds-WP_005668273.1,0.600000,FLEX
NZ_CP009610.1|cds-WP_038441008.1,1.000000,CORE
NZ_CP009610.1|cds-NF38_RS09395,0.100000,FLEX
NZ_CP009610.1|cds-WP_005693197.1,1.000000,CORE
NZ_CP009610.1|cds-WP_038441313.1,1.000000,CORE
NZ_CP009610.1|cds-WP_011272693.1,1.000000,CORE
NZ_CP009610.1|cds-WP_005652728.1,1.000000,CORE
NZ_CP009610.1|cds-WP_038441014.1,1.000000,CORE
NZ_CP009610.1|cds-WP_011271793.1,1.000000,CORE
NZ_CP009610.1|cds-NF38_RS09060,1.000000,CORE
NZ_CP009610.1|cds-WP_005689727.1,1.000000,CORE
NZ_CP009610.1|cds-WP_011272364.1,1.000000,CORE
NZ_CP009610.1|cds-WP_038441141.1,1.000000,CORE
NZ_CP009610.1|cds-WP_021035347.1,1.000000,CORE
NZ_CP009610.1|cds-WP_005660404.1,1.000000,CORE
NZ_CP009610.1|cds-WP_038440520.1,1.000000,CORE
NZ_CP009610.1|cds-WP_011272420.1,1.000000,CORE
NZ_CP009610.1|cds-WP_038440695.1,1.000000,CORE
NZ_CP009610.1|cds-WP_005649866.1,1.000000,CORE
NZ_CP009610.1|cds-WP_011272551.1,1.000000,CORE
NZ_CP009610.1|cds-WP_005657649.1,1.000000,CORE
NZ_CP009610.1|cds-WP_005653194.1,1.000000,CORE
NZ_CP009610.1|cds-WP_005628952.1,1.000000,CORE
NZ_CP009610.1|cds-WP_005650156.1,1.000000,CORE
NZ_CP009610.1|cds-WP_038440823.1,1.000000,CORE
NZ_CP009610.1|cds-WP_011272280.1,1.000000,CORE
NZ_CP009610.1|cds-NF38_RS04605,1.000000,CORE
NZ_CP009610.1|cds-WP_038440341.1,1.000000,CORE
NZ_CP009610.1|cds-WP_038440634.1,1.000000,CORE
NZ_CP009610.1|cds-WP_011271982.1,1.000000,CORE
NZ_CP009610.1|cds-WP_005655198.1,1.000000,CORE
NZ_CP009610.1|cds-WP_005648452.1,1.000000,CORE
NZ_CP009610.1|cds-WP_011272346.1,1.000000,CORE
NZ_CP009610.1|cds-WP_005651947.1,1.000000,CORE
NZ_CP009610.1|cds-WP_005667477.1,0.900000,FLEX
NZ_CP009610.1|cds-WP_038440863.1,1.000000,CORE
NZ_CP009610.1|cds-WP_012055334.1,1.000000,CORE
NZ_CP009610.1|cds-WP_038441381.1,1.000000,CORE
NZ_CP009610.1|cds-WP_005625894.1,1.000000,CORE
NZ_CP009610.1|cds-WP_011272192.1,1.000000,CORE
NZ_CP009610.1|cds-WP_005652428.1,1.000000,CORE
NZ_CP009610.1|cds-WP_038441314.1,0.300000,FLEX
NZ_CP009610.1|cds-WP_005693756.1,1.000000,CORE
NZ_CP009610.1|cds-WP_038441077.1,1.000000,CORE
NZ_CP009610.1|cds-WP_038439526.1,0.700000,FLEX
NZ_CP009610.1|cds-WP_005693900.1,1.000000,CORE
NZ_CP009610.1|cds-WP_038441456.1,1.000000,CORE
NZ_CP009610.1|cds-WP_015701508.1,0.900000,FLEX
NZ_CP009610.1|cds-WP_005658517.1,1.000000,CORE
NZ_CP009610.1|cds-WP_005648785.1,1.000000,CORE
NZ_CP009610.1|cds-WP_005649212.1,1.000000,CORE
NZ_CP009610.1|cds-WP_011272010.1,0.300000,FLEX
NZ_CP009610.1|cds-WP_014550631.1,1.000000,CORE
NZ_CP009610.1|cds-WP_005627632.1,1.000000,CORE
NZ_CP009610.1|cds-WP_038440322.1,1.000000,CORE
NZ_CP009610.1|cds-WP_038440504.1,1.000000,CORE
NZ_CP009610.1|cds-WP_005645638.1,1.000000,CORE
NZ_CP009610.1|cds-WP_038440304.1,1.000000,CORE
NZ_CP009610.1|cds-WP_038440865.1,1.000000,CORE
NZ_CP009610.1|cds-WP_011272295.1,1.000000,CORE
NZ_CP009610.1|cds-WP_038441172.1,0.100000,FLEX
NZ_CP009610.1|cds-WP_005662273.1,1.000000,CORE
NZ_CP009610.1|cds-WP_011272076.1,1.000000,CORE
NZ_CP009610.1|cds-WP_005668488.1,1.000000,CORE
NZ_CP009610.1|cds-WP_005628896.1,1.000000,CORE
NZ_CP009610.1|cds-WP_005649958.1,1.000000,CORE
NZ_CP009610.1|cds-WP_005652437.1,1.000000,CORE
NZ_CP009610.1|cds-WP_005689013.1,1.000000,CORE
NZ_CP009610.1|cds-WP_005650421.1,1.000000,CORE
NZ_CP009610.1|cds-WP_005689729.1,1.000000,CORE
NZ_CP009610.1|cds-WP_011272304.1,1.000000,CORE
NZ_CP009610.1|cds-WP_011272394.1,1.000000,CORE
NZ_CP009610.1|cds-WP_005657007.1,1.000000,CORE
NZ_CP009610.1|cds-WP_011272656.1,1.000000,CORE
NZ_CP009610.1|cds-WP_038440288.1,1.000000,CORE
NZ_CP009610.1|cds-WP_005648425.1,1.000000,CORE
NZ_CP009610.1|cds-WP_011272434.1,1.000000,CORE
NZ_CP009610.1|cds-WP_005690724.1,1.000000,CORE
NZ_CP009610.1|cds-WP_005668849.1,1.000000,CORE
NZ_CP009610.1|cds-WP_005649214.1,1.000000,CORE
NZ_CP009610.1|cds-WP_021035560.1,1.000000,CORE
NZ_CP009610.1|cds-WP_011272240.1,1.000000,CORE
NZ_CP009610.1|cds-WP_011272359.1,1.000000,CORE
NZ_CP009610.1|cds-WP_011272387.1,1.000000,CORE
NZ_CP009610.1|cds-WP_005649335.1,0.300000,FLEX
NZ_CP009610.1|cds-WP_005653200.1,1.000000,CORE
NZ_CP009610.1|cds-WP_005655903.1,1.000000,CORE
NZ_CP009610.1|cds-WP_005635734.1,1.000000,CORE
NZ_CP009610.1|cds-WP_005672506.1,1.000000,CORE
NZ_CP009610.1|cds-WP_038440319.1,1.000000,CORE
NZ_CP009610.1|cds-WP_005658244.1,1.000000,CORE
NZ_CP009610.1|cds-WP_038441426.1,1.000000,CORE
NZ_CP009610.1|cds-WP_005656592.1,1.000000,CORE
NZ_CP009610.1|cds-WP_011272674.1,0.200000,FLEX
NZ_CP009610.1|cds-WP_005652369.1,1.000000,CORE
NZ_CP009610.1|cds-WP_011272190.1,1.000000,CORE
NZ_CP009610.1|cds-WP_005664522.1,1.000000,CORE
NZ_CP009610.1|cds-WP_038440877.1,1.000000,CORE
NZ_CP009610.1|cds-WP_005693857.1,1.000000,CORE
NZ_CP009610.1|cds-WP_011272001.1,1.000000,CORE
NZ_CP009610.1|cds-WP_005658366.1,1.000000,CORE
NZ_CP009610.1|cds-WP_011272560.1,1.000000,CORE
NZ_CP009610.1|cds-WP_011272603.1,0.100000,FLEX
NZ_CP009610.1|cds-WP_005649619.1,1.000000,CORE
NZ_CP009610.1|cds-WP_005647634.1,1.000000,CORE
NZ_CP009610.1|cds-WP_005650402.1,1.000000,CORE
NZ_CP009610.1|cds-WP_005636074.1,1.000000,CORE
NZ_CP009610.1|cds-WP_038441464.1,1.000000,CORE
NZ_CP009610.1|cds-WP_011272578.1,1.000000,CORE
NZ_CP009610.1|cds-WP_038441059.1,1.000000,CORE
NZ_CP009610.1|cds-WP_005654788.1,1.000000,CORE
NZ_CP009610.1|cds-WP_011272145.1,1.000000,CORE
NZ_CP009610.1|cds-WP_005688951.1,1.000000,CORE
NZ_CP009610.1|cds-WP_005657655.1,1.000000,CORE
NZ_CP009610.1|cds-WP_005689025.1,1.000000,CORE
NZ_CP009610.1|cds-WP_005671879.1,1.000000,CORE
NZ_CP009610.1|cds-WP_038440830.1,1.000000,CORE
NZ_CP009610.1|cds-WP_011272150.1,1.000000,CORE
NZ_CP009610.1|cds-WP_038440611.1,1.000000,CORE
NZ_CP009610.1|cds-WP_038440501.1,1.000000,CORE
NZ_CP009610.1|cds-WP_038440958.1,1.000000,CORE
NZ_CP009610.1|cds-WP_005665561.1,1.000000,CORE
NZ_CP009610.1|cds-WP_052095409.1,0.200000,FLEX
NZ_CP009610.1|cds-WP_011272152.1,1.000000,CORE
NZ_CP009610.1|cds-WP_005539416.1,1.000000,CORE
NZ_CP009610.1|cds-WP_005654480.1,1.000000,CORE
NZ_CP009610.1|cds-WP_038441274.1,1.000000,CORE
NZ_CP009610.1|cds-WP_005648026.1,1.000000,CORE
NZ_CP009610.1|cds-WP_011272597.1,1.000000,CORE
NZ_CP009610.1|cds-WP_005686888.1,1.000000,CORE
NZ_CP009610.1|cds-WP_005658225.1,1.000000,CORE
NZ_CP009610.1|cds-WP_005647270.1,1.000000,CORE
NZ_CP009610.1|cds-WP_011272301.1,1.000000,CORE
NZ_CP009610.1|cds-WP_167337207.1,0.100000,FLEX
NZ_CP009610.1|cds-WP_038440778.1,1.000000,CORE
NZ_CP009610.1|cds-WP_105873601.1,1.000000,CORE
NZ_CP009610.1|cds-WP_005686434.1,1.000000,CORE
NZ_CP009610.1|cds-WP_005668469.1,0.200000,FLEX
NZ_CP009610.1|cds-WP_011272269.1,1.000000,CORE
NZ_CP009610.1|cds-WP_005613503.1,1.000000,CORE
NZ_CP009610.1|cds-WP_006995195.1,1.000000,CORE
NZ_CP009610.1|cds-WP_005688947.1,1.000000,CORE
NZ_CP009610.1|cds-WP_005648856.1,1.000000,CORE
NZ_CP009610.1|cds-WP_038440399.1,1.000000,CORE
NZ_CP009610.1|cds-NF38_RS09230,1.000000,CORE
NZ_CP009610.1|cds-WP_005657167.1,1.000000,CORE
NZ_CP009610.1|cds-WP_005636440.1,1.000000,CORE
NZ_CP009610.1|cds-WP_038440689.1,1.000000,CORE
NZ_CP009610.1|cds-WP_011271815.1,1.000000,CORE
NZ_CP009610.1|cds-WP_011271794.1,1.000000,CORE
NZ_CP009610.1|cds-WP_005687030.1,1.000000,CORE
NZ_CP009610.1|cds-WP_005656622.1,0.200000,FLEX
NZ_CP009610.1|cds-WP_005655192.1,1.000000,CORE
NZ_CP009610.1|cds-WP_038441301.1,1.000000,CORE
NZ_CP009610.1|cds-WP_005654786.1,1.000000,CORE
NZ_CP009610.1|cds-WP_005656820.1,1.000000,CORE
NZ_CP009610.1|cds-WP_011272710.1,1.000000,CORE
NZ_CP009610.1|cds-WP_080291974.1,1.000000,CORE
NZ_CP009610.1|cds-WP_005656923.1,0.900000,FLEX
NZ_CP009610.1|cds-WP_052095406.1,1.000000,CORE
NZ_CP009610.1|cds-WP_005651950.1,1.000000,CORE
NZ_CP009610.1|cds-WP_011272011.1,1.000000,CORE
NZ_CP009610.1|cds-WP_005694344.1,1.000000,CORE
NZ_CP009610.1|cds-WP_038441325.1,1.000000,CORE
NZ_CP009610.1|cds-WP_005630575.1,1.000000,CORE
NZ_CP009610.1|cds-WP_005648546.1,1.000000,CORE
NZ_CP009610.1|cds-WP_011272163.1,1.000000,CORE
NZ_CP009610.1|cds-WP_005663647.1,1.000000,CORE
NZ_CP009610.1|cds-WP_013527284.1,1.000000,CORE
NZ_CP009610.1|cds-WP_011272085.1,1.000000,CORE
NZ_CP009610.1|cds-WP_005657651.1,1.000000,CORE
NZ_CP009610.1|cds-WP_011272764.1,1.000000,CORE
NZ_CP009610.1|cds-WP_005651831.1,1.000000,CORE
NZ_CP009610.1|cds-WP_005689027.1,1.000000,CORE
NZ_CP009610.1|cds-WP_005655549.1,1.000000,CORE
NZ_CP009610.1|cds-WP_005651263.1,1.000000,CORE
NZ_CP009610.1|cds-WP_005663075.1,1.000000,CORE
NZ_CP009610.1|cds-WP_038440805.1,1.000000,CORE
NZ_CP009610.1|cds-WP_038441188.1,0.600000,FLEX
NZ_CP009610.1|cds-WP_038440330.1,1.000000,CORE
NZ_CP009610.1|cds-WP_005651234.1,0.700000,FLEX
NZ_CP009610.1|cds-WP_005653201.1,0.200000,FLEX
NZ_CP009610.1|cds-WP_005660361.1,1.000000,CORE
NZ_CP009610.1|cds-WP_021034778.1,1.000000,CORE
NZ_CP009610.1|cds-WP_005686449.1,1.000000,CORE
NZ_CP009610.1|cds-WP_038441039.1,1.000000,CORE
NZ_CP009610.1|cds-WP_038441457.1,1.000000,CORE
NZ_CP009610.1|cds-WP_011271790.1,1.000000,CORE
NZ_CP009610.1|cds-WP_005689530.1,1.000000,CORE
NZ_CP009610.1|cds-WP_038440949.1,1.000000,CORE
NZ_CP009610.1|cds-WP_005694033.1,1.000000,CORE
NZ_CP009610.1|cds-WP_005648742.1,1.000000,CORE
NZ_CP009610.1|cds-WP_038440599.1,1.000000,CORE
NZ_CP009610.1|cds-WP_005548279.1,1.000000,CORE
NZ_CP009610.1|cds-WP_005632174.1,1.000000,CORE
NZ_CP009610.1|cds-WP_038440290.1,1.000000,CORE
NZ_CP009610.1|cds-WP_011272116.1,1.000000,CORE
NZ_CP009610.1|cds-WP_038441246.1,1.000000,CORE
NZ_CP009610.1|cds-WP_005652936.1,1.000000,CORE
NZ_CP009610.1|cds-WP_011272066.1,1.000000,CORE
NZ_CP009610.1|cds-WP_005655992.1,1.000000,CORE
NZ_CP009610.1|cds-WP_005649928.1,1.000000,CORE
NZ_CP009610.1|cds-WP_038441445.1,1.000000,CORE
NZ_CP009610.1|cds-WP_005625886.1,1.000000,CORE
NZ_CP009610.1|cds-WP_038440278.1,1.000000,CORE
NZ_CP009610.1|cds-WP_011272567.1,1.000000,CORE
NZ_CP009610.1|cds-WP_038440789.1,1.000000,CORE
NZ_CP009610.1|cds-WP_011272628.1,1.000000,CORE
NZ_CP009610.1|cds-WP_011272565.1,1.000000,CORE
NZ_CP009610.1|cds-WP_005689018.1,1.000000,CORE
NZ_CP009610.1|cds-WP_005691259.1,1.000000,CORE
NZ_CP009610.1|cds-WP_038440613.1,1.000000,CORE
NZ_CP009610.1|cds-WP_005632782.1,1.000000,CORE
NZ_CP009610.1|cds-WP_038440285.1,1.000000,CORE
NZ_CP009610.1|cds-WP_005651563.1,1.000000,CORE
NZ_CP009610.1|cds-WP_011272715.1,1.000000,CORE
NZ_CP009610.1|cds-WP_005661525.1,1.000000,CORE
NZ_CP009610.1|cds-WP_005631431.1,1.000000,CORE
NZ_CP009610.1|cds-WP_005648945.1,1.000000,CORE
NZ_CP009610.1|cds-WP_038440977.1,1.000000,CORE
NZ_CP009610.1|cds-WP_011272122.1,1.000000,CORE
NZ_CP009610.1|cds-WP_006995578.1,1.000000,CORE
NZ_CP009610.1|cds-WP_005653814.1,1.000000,CORE
NZ_CP009610.1|cds-WP_005627617.1,1.000000,CORE
NZ_CP009610.1|cds-WP_005649617.1,1.000000,CORE
NZ_CP009610.1|cds-WP_005689269.1,1.000000,CORE
NZ_CP009610.1|cds-WP_038440732.1,0.600000,FLEX
NZ_CP009610.1|cds-WP_005687198.1,1.000000,CORE
NZ_CP009610.1|cds-WP_038440798.1,1.000000,CORE
NZ_CP009610.1|cds-WP_011271795.1,1.000000,CORE
NZ_CP009610.1|cds-WP_038441035.1,1.000000,CORE
NZ_CP009610.1|cds-WP_011271965.1,1.000000,CORE
NZ_CP009610.1|cds-WP_011272047.1,1.000000,CORE
NZ_CP009610.1|cds-WP_005688032.1,1.000000,CORE
NZ_CP009610.1|cds-WP_005660859.1,1.000000,CORE
NZ_CP009610.1|cds-WP_005648402.1,1.000000,CORE
NZ_CP009610.1|cds-WP_038441475.1,1.000000,CORE
NZ_CP009610.1|cds-WP_005662415.1,1.000000,CORE
NZ_CP009610.1|cds-WP_038440279.1,1.000000,CORE
NZ_CP009610.1|cds-WP_038440394.1,1.000000,CORE
NZ_CP009610.1|cds-WP_005694447.1,1.000000,CORE
NZ_CP009610.1|cds-WP_038441256.1,1.000000,CORE
NZ_CP009610.1|cds-WP_011272547.1,1.000000,CORE
NZ_CP009610.1|cds-WP_005649034.1,1.000000,CORE
NZ_CP009610.1|cds-WP_038440673.1,0.100000,FLEX
NZ_CP009610.1|cds-WP_005634891.1,1.000000,CORE
NZ_CP009610.1|cds-WP_011272453.1,1.000000,CORE
NZ_CP009610.1|cds-WP_005655138.1,1.000000,CORE
NZ_CP009610.1|cds-WP_005668477.1,0.200000,FLEX
NZ_CP009610.1|cds-WP_005686717.1,0.100000,FLEX
NZ_CP009610.1|cds-WP_005656593.1,1.000000,CORE
NZ_CP009610.1|cds-WP_162836933.1,1.000000,CORE
NZ_CP009610.1|cds-WP_005654873.1,1.000000,CORE
NZ_CP009610.1|cds-WP_005639404.1,1.000000,CORE
NZ_CP009610.1|cds-WP_005656594.1,1.000000,CORE
NZ_CP009610.1|cds-WP_005686413.1,1.000000,CORE
NZ_CP009610.1|cds-WP_005648092.1,1.000000,CORE
NZ_CP009610.1|cds-WP_005653397.1,1.000000,CORE
NZ_CP009610.1|cds-WP_011272173.1,1.000000,CORE
NZ_CP009610.1|cds-WP_005632756.1,1.000000,CORE
NZ_CP009610.1|cds-WP_005690709.1,1.000000,CORE
NZ_CP009610.1|cds-WP_038440796.1,1.000000,CORE
NZ_CP009610.1|cds-WP_011272225.1,1.000000,CORE
NZ_CP009610.1|cds-WP_038440639.1,0.500000,FLEX
NZ_CP009610.1|cds-WP_011271990.1,1.000000,CORE
NZ_CP009610.1|cds-WP_005633909.1-2,1.000000,CORE
NZ_CP009610.1|cds-WP_011271929.1,1.000000,CORE
NZ_CP009610.1|cds-WP_038440381.1,1.000000,CORE
NZ_CP009610.1|cds-WP_038441355.1,1.000000,CORE
NZ_CP009610.1|cds-WP_005653410.1,1.000000,CORE
NZ_CP009610.1|cds-WP_005625877.1,1.000000,CORE
NZ_CP009610.1|cds-WP_038441397.1,1.000000,CORE
NZ_CP009610.1|cds-WP_005669465.1,1.000000,CORE
NZ_CP009610.1|cds-WP_005650535.1,0.100000,FLEX
NZ_CP009610.1|cds-WP_014550936.1,1.000000,CORE
NZ_CP009610.1|cds-WP_038440597.1,1.000000,CORE
NZ_CP009610.1|cds-WP_005661480.1,0.900000,FLEX
NZ_CP009610.1|cds-WP_005688099.1,1.000000,CORE
NZ_CP009610.1|cds-WP_005654478.1,1.000000,CORE
NZ_CP009610.1|cds-WP_011272379.1,1.000000,CORE
NZ_CP009610.1|cds-WP_038440942.1,1.000000,CORE
NZ_CP009610.1|cds-WP_162837812.1,1.000000,CORE
NZ_CP009610.1|cds-WP_005657030.1,1.000000,CORE
NZ_CP009610.1|cds-WP_038440506.1,1.000000,CORE
NZ_CP009610.1|cds-WP_005648406.1,1.000000,CORE
NZ_CP009610.1|cds-WP_038440957.1,1.000000,CORE
NZ_CP009610.1|cds-WP_038441398.1,1.000000,CORE
NZ_CP009610.1|cds-WP_038440978.1,1.000000,CORE
NZ_CP009610.1|cds-WP_011272094.1,1.000000,CORE
NZ_CP009610.1|cds-WP_005665908.1,1.000000,CORE
NZ_CP009610.1|cds-WP_005649897.1,1.000000,CORE
NZ_CP009610.1|cds-WP_011272068.1,1.000000,CORE
NZ_CP009610.1|cds-WP_005688084.1,1.000000,CORE
NZ_CP009610.1|cds-WP_005647969.1,1.000000,CORE
NZ_CP009610.1|cds-WP_005647473.1,1.000000,CORE
NZ_CP009610.1|cds-WP_015701504.1,0.900000,FLEX
NZ_CP009610.1|cds-WP_038441400.1,1.000000,CORE
NZ_CP009610.1|cds-WP_005687634.1,1.000000,CORE
NZ_CP009610.1|cds-WP_032828395.1,1.000000,CORE
NZ_CP009610.1|cds-WP_038441048.1,1.000000,CORE
NZ_CP009610.1|cds-WP_005690693.1,1.000000,CORE
NZ_CP009610.1|cds-WP_011271889.1,1.000000,CORE
NZ_CP009610.1|cds-WP_038440884.1,1.000000,CORE
NZ_CP009610.1|cds-WP_011271973.1,1.000000,CORE
NZ_CP009610.1|cds-WP_038440582.1,1.000000,CORE
NZ_CP009610.1|cds-WP_038441459.1,1.000000,CORE
NZ_CP009610.1|cds-WP_011272244.1,1.000000,CORE
NZ_CP009610.1|cds-WP_011272176.1,1.000000,CORE
NZ_CP009610.1|cds-WP_005648303.1,1.000000,CORE
NZ_CP009610.1|cds-WP_038440383.1,1.000000,CORE
NZ_CP009610.1|cds-WP_005670302.1,1.000000,CORE
NZ_CP009610.1|cds-WP_005650069.1,1.000000,CORE
NZ_CP009610.1|cds-WP_011271817.1,1.000000,CORE
NZ_CP009610.1|cds-WP_005656618.1,1.000000,CORE
NZ_CP009610.1|cds-WP_038441052.1,1.000000,CORE
NZ_CP009610.1|cds-NF38_RS09200,0.900000,FLEX
NZ_CP009610.1|cds-WP_005653606.1,1.000000,CORE
NZ_CP009610.1|cds-WP_014550934.1,1.000000,CORE
NZ_CP009610.1|cds-WP_038440629.1,1.000000,CORE
NZ_CP009610.1|cds-WP_006995577.1,1.000000,CORE
NZ_CP009610.1|cds-WP_038440299.1,1.000000,CORE
NZ_CP009610.1|cds-WP_005543603.1,1.000000,CORE
NZ_CP009610.1|cds-WP_005688623.1,1.000000,CORE
NZ_CP009610.1|cds-WP_005656358.1,1.000000,CORE
NZ_CP009610.1|cds-WP_011272566.1,1.000000,CORE
NZ_CP009610.1|cds-WP_011272162.1,1.000000,CORE
NZ_CP009610.1|cds-WP_014550926.1,1.000000,CORE
NZ_CP009610.1|cds-WP_038441139.1,1.000000,CORE
NZ_CP009610.1|cds-WP_014550496.1,1.000000,CORE
NZ_CP009610.1|cds-WP_005651690.1,1.000000,CORE
NZ_CP009610.1|cds-WP_038440405.1,1.000000,CORE
NZ_CP009610.1|cds-WP_005694472.1,1.000000,CORE
NZ_CP009610.1|cds-WP_005656162.1,1.000000,CORE
NZ_CP009610.1|cds-WP_038441124.1,1.000000,CORE
NZ_CP009610.1|cds-WP_021034786.1,1.000000,CORE
NZ_CP009610.1|cds-WP_011272719.1,1.000000,CORE
NZ_CP009610.1|cds-WP_011272148.1,1.000000,CORE
NZ_CP009610.1|cds-WP_005629550.1,1.000000,CORE
NZ_CP009610.1|cds-WP_011272073.1,1.000000,CORE
NZ_CP009610.1|cds-WP_011272248.1,1.000000,CORE
NZ_CP009610.1|cds-WP_074039974.1,0.100000,FLEX
NZ_CP009610.1|cds-WP_005649858.1,1.000000,CORE
NZ_CP009610.1|cds-WP_011272220.1,1.000000,CORE
NZ_CP009610.1|cds-WP_011272441.1,1.000000,CORE
NZ_CP009610.1|cds-WP_005689212.1,1.000000,CORE
NZ_CP009610.1|cds-WP_038440280.1,1.000000,CORE
NZ_CP009610.1|cds-WP_005653291.1,1.000000,CORE
NZ_CP009610.1|cds-WP_005651560.1,1.000000,CORE
NZ_CP009610.1|cds-WP_038440298.1,1.000000,CORE
NZ_CP009610.1|cds-WP_011961904.1,1.000000,CORE
NZ_CP009610.1|cds-WP_005651922.1,1.000000,CORE
NZ_CP009610.1|cds-WP_005693148.1,1.000000,CORE
NZ_CP009610.1|cds-WP_005668464.1,0.200000,FLEX
NZ_CP009610.1|cds-WP_011272255.1,0.200000,FLEX
NZ_CP009610.1|cds-WP_005660941.1,1.000000,CORE
NZ_CP009610.1|cds-WP_006995466.1,1.000000,CORE
NZ_CP009610.1|cds-WP_005648548.1,1.000000,CORE
NZ_CP009610.1|cds-WP_011272055.1,1.000000,CORE
NZ_CP009610.1|cds-WP_038441144.1,1.000000,CORE
NZ_CP009610.1|cds-WP_013527809.1,1.000000,CORE
NZ_CP009610.1|cds-WP_038440335.1,1.000000,CORE
NZ_CP009610.1|cds-WP_038440533.1,1.000000,CORE
NZ_CP009610.1|cds-NF38_RS04050,0.900000,FLEX
NZ_CP009610.1|cds-WP_005663910.1,1.000000,CORE
NZ_CP009610.1|cds-WP_011272627.1,1.000000,CORE
NZ_CP009610.1|cds-WP_038440686.1,1.000000,CORE
NZ_CP009610.1|cds-WP_005648601.1,1.000000,CORE
NZ_CP009610.1|cds-WP_005693575.1,1.000000,CORE
NZ_CP009610.1|cds-WP_005649107.1,1.000000,CORE
NZ_CP009610.1|cds-WP_011272443.1,0.100000,FLEX
NZ_CP009610.1|cds-WP_038440310.1,1.000000,CORE
NZ_CP009610.1|cds-WP_005651366.1,1.000000,CORE
NZ_CP009610.1|cds-WP_038441063.1,1.000000,CORE
NZ_CP009610.1|cds-WP_038440511.1,1.000000,CORE
NZ_CP009610.1|cds-WP_005642563.1,1.000000,CORE
NZ_CP009610.1|cds-WP_038440537.1,1.000000,CORE
NZ_CP009610.1|cds-WP_005686457.1,1.000000,CORE
NZ_CP009610.1|cds-WP_038440904.1,1.000000,CORE
NZ_CP009610.1|cds-WP_080291954.1,0.600000,FLEX
NZ_CP009610.1|cds-WP_005650215.1,1.000000,CORE
NZ_CP009610.1|cds-WP_005630980.1,1.000000,CORE
NZ_CP009610.1|cds-WP_101494098.1,0.900000,FLEX
NZ_CP009610.1|cds-WP_038441098.1,0.200000,FLEX
NZ_CP009610.1|cds-WP_005659732.1,1.000000,CORE
NZ_CP009610.1|cds-WP_011272644.1,1.000000,CORE
NZ_CP009610.1|cds-WP_038440293.1,1.000000,CORE
NZ_CP009610.1|cds-WP_005648793.1,1.000000,CORE
NZ_CP009610.1|cds-WP_005686445.1,1.000000,CORE
NZ_CP009610.1|cds-WP_038440936.1,1.000000,CORE
NZ_CP009610.1|cds-WP_136439101.1,1.000000,CORE
NZ_CP009610.1|cds-WP_005648321.1,1.000000,CORE
NZ_CP009610.1|cds-WP_011271869.1,1.000000,CORE
NZ_CP009610.1|cds-WP_011272708.1,1.000000,CORE
NZ_CP009610.1|cds-WP_038441341.1,1.000000,CORE
NZ_CP009610.1|cds-WP_005659294.1,1.000000,CORE
NZ_CP009610.1|cds-WP_005660836.1,1.000000,CORE
NZ_CP009610.1|cds-WP_011272333.1,1.000000,CORE
NZ_CP009610.1|cds-WP_005650690.1,1.000000,CORE
NZ_CP009610.1|cds-WP_038440807.1,0.300000,FLEX
NZ_CP009610.1|cds-WP_005657620.1,1.000000,CORE
NZ_CP009610.1|cds-WP_038440633.1,1.000000,CORE
NZ_CP009610.1|cds-WP_005657110.1,1.000000,CORE
NZ_CP009610.1|cds-WP_005690245.1,1.000000,CORE
NZ_CP009610.1|cds-WP_038440353.1,1.000000,CORE
NZ_CP009610.1|cds-WP_038440743.1,1.000000,CORE
NZ_CP009610.1|cds-WP_011272579.1,1.000000,CORE
NZ_CP009610.1|cds-WP_005652274.1,1.000000,CORE
NZ_CP009610.1|cds-WP_005688055.1,1.000000,CORE
NZ_CP009610.1|cds-NF38_RS01665,1.000000,CORE
NZ_CP009610.1|cds-WP_011272222.1,1.000000,CORE
NZ_CP009610.1|cds-WP_005669433.1,1.000000,CORE
NZ_CP009610.1|cds-WP_038440900.1,1.000000,CORE
NZ_CP009610.1|cds-WP_005666644.1,1.000000,CORE
NZ_CP009610.1|cds-WP_011272769.1,1.000000,CORE
NZ_CP009610.1|cds-WP_005656283.1,1.000000,CORE
NZ_CP009610.1|cds-WP_038440434.1,1.000000,CORE
NZ_CP009610.1|cds-WP_005648921.1,1.000000,CORE
NZ_CP009610.1|cds-WP_042599657.1,1.000000,CORE
NZ_CP009610.1|cds-WP_038441344.1,1.000000,CORE
NZ_CP009610.1|cds-WP_038440975.1,1.000000,CORE
NZ_CP009610.1|cds-WP_005662425.1,1.000000,CORE
NZ_CP009610.1|cds-WP_005656135.1,1.000000,CORE
NZ_CP009610.1|cds-WP_038440891.1,1.000000,CORE
NZ_CP009610.1|cds-WP_006995249.1,1.000000,CORE
NZ_CP009610.1|cds-WP_012054968.1,1.000000,CORE
NZ_CP009610.1|cds-WP_005693951.1,0.100000,FLEX
NZ_CP009610.1|cds-WP_005656373.1,1.000000,CORE
NZ_CP009610.1|cds-WP_005648853.1,1.000000,CORE
NZ_CP009610.1|cds-WP_005649924.1,1.000000,CORE
NZ_CP009610.1|cds-WP_005660620.1,1.000000,CORE
NZ_CP009610.1|cds-WP_038441149.1,1.000000,CORE
NZ_CP009610.1|cds-WP_005658616.1,1.000000,CORE
NZ_CP009610.1|cds-WP_005651674.1,1.000000,CORE
NZ_CP009610.1|cds-WP_038440850.1,1.000000,CORE
NZ_CP009610.1|cds-WP_005657282.1,1.000000,CORE
NZ_CP009610.1|cds-WP_005632805.1,1.000000,CORE
NZ_CP009610.1|cds-WP_005694310.1,1.000000,CORE
NZ_CP009610.1|cds-WP_011272249.1,1.000000,CORE
NZ_CP009610.1|cds-WP_005652441.1,1.000000,CORE
NZ_CP009610.1|cds-WP_038440368.1,1.000000,CORE
NZ_CP009610.1|cds-WP_005631781.1,1.000000,CORE
NZ_CP009610.1|cds-WP_038441031.1,1.000000,CORE
NZ_CP009610.1|cds-WP_011271882.1,1.000000,CORE
NZ_CP009610.1|cds-WP_010869182.1,1.000000,CORE
NZ_CP009610.1|cds-WP_038441303.1,1.000000,CORE
NZ_CP009610.1|cds-WP_038440326.1,1.000000,CORE
NZ_CP009610.1|cds-WP_038441252.1,1.000000,CORE
NZ_CP009610.1|cds-WP_011272053.1,1.000000,CORE
NZ_CP009610.1|cds-WP_005688082.1,1.000000,CORE
NZ_CP009610.1|cds-WP_005630840.1,1.000000,CORE
NZ_CP009610.1|cds-WP_014550933.1,1.000000,CORE
NZ_CP009610.1|cds-WP_005668146.1,1.000000,CORE
NZ_CP009610.1|cds-WP_038441463.1,1.000000,CORE
NZ_CP009610.1|cds-WP_038441263.1,1.000000,CORE
NZ_CP009610.1|cds-WP_038441084.1,0.200000,FLEX
NZ_CP009610.1|cds-WP_005694423.1,1.000000,CORE
NZ_CP009610.1|cds-WP_011272438.1,1.000000,CORE
NZ_CP009610.1|cds-WP_005656994.1,1.000000,CORE
NZ_CP009610.1|cds-WP_005686578.1,1.000000,CORE
NZ_CP009610.1|cds-WP_014550929.1,1.000000,CORE
NZ_CP009610.1|cds-WP_005625990.1,1.000000,CORE
NZ_CP009610.1|cds-WP_038440459.1,1.000000,CORE
NZ_CP009610.1|cds-WP_005654456.1,1.000000,CORE
NZ_CP009610.1|cds-WP_005662817.1,1.000000,CORE
NZ_CP009610.1|cds-WP_005671921.1,1.000000,CORE
NZ_CP009610.1|cds-WP_005628626.1,1.000000,CORE
NZ_CP009610.1|cds-WP_038440815.1,0.500000,FLEX
NZ_CP009610.1|cds-WP_005650775.1,1.000000,CORE
NZ_CP009610.1|cds-WP_038440853.1,1.000000,CORE
NZ_CP009610.1|cds-WP_005667903.1,1.000000,CORE
NZ_CP009610.1|cds-WP_005690684.1,1.000000,CORE
NZ_CP009610.1|cds-WP_005626142.1,1.000000,CORE
NZ_CP009610.1|cds-WP_005650601.1,1.000000,CORE
NZ_CP009610.1|cds-WP_011272117.1,1.000000,CORE
NZ_CP009610.1|cds-WP_038440757.1,1.000000,CORE
NZ_CP009610.1|cds-WP_005686582.1,1.000000,CORE
NZ_CP009610.1|cds-WP_011961987.1,0.900000,FLEX
NZ_CP009610.1|cds-WP_005687782.1,1.000000,CORE
NZ_CP009610.1|cds-WP_038440286.1,1.000000,CORE
NZ_CP009610.1|cds-WP_038441135.1,1.000000,CORE
NZ_CP009610.1|cds-WP_032827535.1,1.000000,CORE
NZ_CP009610.1|cds-WP_038441164.1,1.000000,CORE
NZ_CP009610.1|cds-WP_038440292.1,1.000000,CORE
NZ_CP009610.1|cds-WP_038440637.1,1.000000,CORE
NZ_CP009610.1|cds-WP_038441309.1,1.000000,CORE
NZ_CP009610.1|cds-WP_005691446.1,1.000000,CORE
NZ_CP009610.1|cds-WP_005653629.1,1.000000,CORE
NZ_CP009610.1|cds-WP_005625871.1,1.000000,CORE
NZ_CP009610.1|cds-WP_011271987.1,0.100000,FLEX
NZ_CP009610.1|cds-WP_038441415.1,1.000000,CORE
NZ_CP009610.1|cds-WP_005658248.1,1.000000,CORE
NZ_CP009610.1|cds-WP_038440410.1,1.000000,CORE
NZ_CP009610.1|cds-WP_038440283.1,1.000000,CORE
NZ_CP009610.1|cds-WP_005686893.1,1.000000,CORE
NZ_CP009610.1|cds-WP_005648296.1,1.000000,CORE
NZ_CP009610.1|cds-WP_038440540.1,1.000000,CORE
NZ_CP009610.1|cds-WP_005660845.1,1.000000,CORE
NZ_CP009610.1|cds-WP_005648810.1,1.000000,CORE
NZ_CP009610.1|cds-WP_005659731.1,1.000000,CORE
NZ_CP009610.1|cds-WP_038440784.1,1.000000,CORE
NZ_CP009610.1|cds-WP_005663296.1,1.000000,CORE
NZ_CP009610.1|cds-WP_005717461.1,1.000000,CORE
NZ_CP009610.1|cds-WP_011272303.1,1.000000,CORE
NZ_CP009610.1|cds-WP_038440317.1,1.000000,CORE
NZ_CP009610.1|cds-WP_005659066.1,1.000000,CORE
NZ_CP009610.1|cds-WP_038440312.1,1.000000,CORE
NZ_CP009610.1|cds-WP_038440604.1,1.000000,CORE
NZ_CP009610.1|cds-WP_005690705.1,1.000000,CORE
NZ_CP009610.1|cds-WP_038441154.1,1.000000,CORE
NZ_CP009610.1|cds-WP_005660876.1,1.000000,CORE
NZ_CP009610.1|cds-WP_005649190.1,1.000000,CORE
NZ_CP009610.1|cds-WP_005671163.1,1.000000,CORE
NZ_CP009610.1|cds-WP_048940722.1,0.900000,FLEX
NZ_CP009610.1|cds-WP_038441218.1,1.000000,CORE
NZ_CP009610.1|cds-WP_005649040.1,1.000000,CORE
NZ_CP009610.1|cds-WP_005649540.1,1.000000,CORE
NZ_CP009610.1|cds-WP_011272458.1,1.000000,CORE
NZ_CP009610.1|cds-WP_005654790.1,1.000000,CORE
NZ_CP009610.1|cds-WP_038441385.1,1.000000,CORE
NZ_CP009610.1|cds-WP_005661557.1,1.000000,CORE
NZ_CP009610.1|cds-WP_011271887.1,1.000000,CORE
NZ_CP009610.1|cds-WP_005654219.1,1.000000,CORE
NZ_CP009610.1|cds-WP_011272345.1,1.000000,CORE
NZ_CP009610.1|cds-WP_038441281.1,1.000000,CORE
NZ_CP009610.1|cds-WP_005653301.1,1.000000,CORE
NZ_CP009610.1|cds-WP_005654784.1,1.000000,CORE
NZ_CP009610.1|cds-WP_005660843.1,1.000000,CORE
NZ_CP009610.1|cds-WP_048940991.1,0.300000,FLEX
NZ_CP009610.1|cds-WP_005687195.1,0.800000,FLEX
NZ_CP009610.1|cds-WP_038441421.1,0.900000,FLEX
NZ_CP009610.1|cds-WP_005691796.1,1.000000,CORE
NZ_CP009610.1|cds-WP_038441010.1,1.000000,CORE
NZ_CP009610.1|cds-WP_038440966.1,1.000000,CORE
NZ_CP009610.1|cds-WP_038440869.1,1.000000,CORE
NZ_CP009610.1|cds-WP_038441111.1,0.800000,FLEX
NZ_CP009610.1|cds-WP_038440760.1,1.000000,CORE
NZ_CP009610.1|cds-NF38_RS09245,0.800000,FLEX
NZ_CP009610.1|cds-WP_011271775.1,1.000000,CORE
NZ_CP009610.1|cds-WP_011272264.1,1.000000,CORE
NZ_CP009610.1|cds-WP_013526289.1,1.000000,CORE
NZ_CP009610.1|cds-WP_038440586.1,0.800000,FLEX
NZ_CP009610.1|cds-WP_005631374.1,1.000000,CORE
NZ_CP009610.1|cds-WP_005694542.1,1.000000,CORE
NZ_CP009610.1|cds-WP_005648089.1,1.000000,CORE
NZ_CP009610.1|cds-WP_005644452.1,1.000000,CORE
NZ_CP009610.1|cds-WP_005660494.1,0.100000,FLEX
NZ_CP009610.1|cds-WP_005649191.1,1.000000,CORE
NZ_CP009610.1|cds-WP_038440276.1,1.000000,CORE
NZ_CP009610.1|cds-WP_011272048.1,1.000000,CORE
NZ_CP009610.1|cds-WP_005689970.1,1.000000,CORE
NZ_CP009610.1|cds-WP_038440780.1,1.000000,CORE
NZ_CP009610.1|cds-WP_005653793.1,1.000000,CORE
NZ_CP009610.1|cds-WP_038440397.1,1.000000,CORE
NZ_CP009610.1|cds-WP_005651224.1,0.900000,FLEX
NZ_CP009610.1|cds-WP_005648384.1,1.000000,CORE
NZ_CP009610.1|cds-WP_005688620.1,1.000000,CORE
NZ_CP009610.1|cds-WP_011272435.1,1.000000,CORE
NZ_CP009610.1|cds-WP_011272198.1,1.000000,CORE
NZ_CP009610.1|cds-WP_005631184.1-2,0.900000,FLEX
NZ_CP009610.1|cds-WP_038440358.1,1.000000,CORE
NZ_CP009610.1|cds-WP_015702297.1,1.000000,CORE
NZ_CP009610.1|cds-WP_038440623.1,1.000000,CORE
NZ_CP009610.1|cds-WP_038440754.1,1.000000,CORE
NZ_CP009610.1|cds-WP_005656411.1,1.000000,CORE
NZ_CP009610.1|cds-WP_005630123.1,1.000000,CORE
NZ_CP009610.1|cds-WP_038440439.1,1.000000,CORE
NZ_CP009610.1|cds-WP_013526173.1,1.000000,CORE
NZ_CP009610.1|cds-WP_038441315.1,1.000000,CORE
NZ_CP009610.1|cds-WP_005632159.1,1.000000,CORE
NZ_CP009610.1|cds-WP_038440871.1,1.000000,CORE
NZ_CP009610.1|cds-WP_005657108.1,1.000000,CORE
NZ_CP009610.1|cds-WP_038441069.1,1.000000,CORE
NZ_CP009610.1|cds-WP_005660593.1,1.000000,CORE
NZ_CP009610.1|cds-WP_011272097.1,1.000000,CORE
NZ_CP009610.1|cds-WP_011271786.1,1.000000,CORE
NZ_CP009610.1|cds-WP_011272096.1,1.000000,CORE
NZ_CP009610.1|cds-WP_005648477.1,1.000000,CORE
NZ_CP009610.1|cds-WP_005658618.1,1.000000,CORE
NZ_CP009610.1|cds-WP_005649509.1,1.000000,CORE
NZ_CP009610.1|cds-WP_005690461.1,1.000000,CORE
NZ_CP009610.1|cds-WP_011272658.1,1.000000,CORE
NZ_CP009610.1|cds-WP_011272045.1,1.000000,CORE
NZ_CP009610.1|cds-WP_006995277.1,1.000000,CORE
NZ_CP009610.1|cds-WP_014550927.1,1.000000,CORE
NZ_CP009610.1|cds-WP_032826723.1,1.000000,CORE
NZ_CP009610.1|cds-WP_011272123.1,1.000000,CORE
NZ_CP009610.1|cds-WP_005652996.1,1.000000,CORE
NZ_CP009610.1|cds-WP_005648811.1,1.000000,CORE
NZ_CP009610.1|cds-WP_011272312.1,1.000000,CORE
NZ_CP009610.1|cds-WP_038440340.1,1.000000,CORE
NZ_CP009610.1|cds-WP_038441023.1,1.000000,CORE
NZ_CP009610.1|cds-WP_011271996.1,1.000000,CORE
NZ_CP009610.1|cds-WP_005659812.1,1.000000,CORE
NZ_CP009610.1|cds-WP_038440898.1,0.800000,FLEX
NZ_CP009610.1|cds-WP_005650837.1,0.900000,FLEX
NZ_CP009610.1|cds-WP_005626527.1,1.000000,CORE
NZ_CP009610.1|cds-WP_005656623.1,1.000000,CORE
NZ_CP009610.1|cds-WP_011272305.1,1.000000,CORE
NZ_CP009610.1|cds-WP_005651039.1,1.000000,CORE
NZ_CP009610.1|cds-WP_038440337.1,1.000000,CORE
NZ_CP009610.1|cds-WP_014550930.1,1.000000,CORE
NZ_CP009610.1|cds-WP_005653255.1,1.000000,CORE
NZ_CP009610.1|cds-WP_011272398.1,1.000000,CORE
NZ_CP009610.1|cds-WP_038440309.1,1.000000,CORE
NZ_CP009610.1|cds-WP_005649475.1,1.000000,CORE
NZ_CP009610.1|cds-WP_011272202.1,1.000000,CORE
NZ_CP009610.1|cds-WP_011272759.1,1.000000,CORE
NZ_CP009610.1|cds-WP_005661154.1,1.000000,CORE
NZ_CP009610.1|cds-WP_005672208.1,0.200000,FLEX
NZ_CP009610.1|cds-WP_011271961.1,1.000000,CORE
NZ_CP009610.1|cds-WP_005660414.1,1.000000,CORE
NZ_CP009610.1|cds-WP_005649562.1,1.000000,CORE
NZ_CP009610.1|cds-WP_011272149.1,0.800000,FLEX
NZ_CP009610.1|cds-WP_005658246.1,1.000000,CORE
NZ_CP009610.1|cds-WP_005656744.1,1.000000,CORE
NZ_CP009610.1|cds-WP_011272384.1,1.000000,CORE
NZ_CP009610.1|cds-WP_038440297.1,1.000000,CORE
NZ_CP009610.1|cds-WP_038440493.1,1.000000,CORE
NZ_CP009610.1|cds-WP_038440609.1,1.000000,CORE
NZ_CP009610.1|cds-WP_038441126.1,1.000000,CORE
NZ_CP009610.1|cds-WP_005647910.1,1.000000,CORE
NZ_CP009610.1|cds-WP_038441162.1,0.900000,FLEX
NZ_CP009610.1|cds-WP_038441022.1,1.000000,CORE
NZ_CP009610.1|cds-WP_005660726.1,1.000000,CORE
NZ_CP009610.1|cds-WP_005627655.1,1.000000,CORE
NZ_CP009610.1|cds-WP_005657117.1,1.000000,CORE
NZ_CP009610.1|cds-WP_005647229.1,1.000000,CORE
NZ_CP009610.1|cds-WP_005656997.1,1.000000,CORE
NZ_CP009610.1|cds-WP_005688388.1,0.100000,FLEX
NZ_CP009610.1|cds-WP_038440509.1,1.000000,CORE
NZ_CP009610.1|cds-WP_011272381.1,1.000000,CORE
NZ_CP009610.1|cds-WP_005647674.1,0.900000,FLEX
NZ_CP009610.1|cds-WP_005663072.1,1.000000,CORE
NZ_CP009610.1|cds-WP_038440332.1,1.000000,CORE
NZ_CP009610.1|cds-WP_038440617.1,1.000000,CORE
NZ_CP009610.1|cds-WP_038441012.1,1.000000,CORE
NZ_CP009610.1|cds-WP_038441258.1,1.000000,CORE
NZ_CP009610.1|cds-WP_005649559.1,1.000000,CORE
NZ_CP009610.1|cds-WP_005656013.1,1.000000,CORE
NZ_CP009610.1|cds-WP_038440832.1,1.000000,CORE
NZ_CP009610.1|cds-WP_005632504.1,1.000000,CORE
NZ_CP009610.1|cds-WP_038440318.1,1.000000,CORE
NZ_CP009610.1|cds-WP_038440307.1,1.000000,CORE
NZ_CP009610.1|cds-WP_038441387.1,1.000000,CORE
NZ_CP009610.1|cds-WP_011272562.1,1.000000,CORE
NZ_CP009610.1|cds-WP_011272014.1,1.000000,CORE
NZ_CP009610.1|cds-WP_005671602.1,1.000000,CORE
NZ_CP009610.1|cds-WP_005686580.1,1.000000,CORE
NZ_CP009610.1|cds-WP_021034785.1,1.000000,CORE
NZ_CP009610.1|cds-WP_038440469.1,1.000000,CORE
NZ_CP009610.1|cds-WP_005625897.1,1.000000,CORE
NZ_CP009610.1|cds-WP_005635481.1,1.000000,CORE
NZ_CP009610.1|cds-WP_005688980.1,1.000000,CORE
NZ_CP009610.1|cds-WP_006995542.1,1.000000,CORE
NZ_CP009610.1|cds-WP_005649169.1,1.000000,CORE
NZ_CP009610.1|cds-WP_011272146.1,1.000000,CORE
NZ_CP009610.1|cds-WP_011272266.1,1.000000,CORE
NZ_CP009610.1|cds-WP_005690727.1,1.000000,CORE
NZ_CP009610.1|cds-WP_005655473.1,1.000000,CORE
NZ_CP009610.1|cds-WP_038440875.1,1.000000,CORE
NZ_CP009610.1|cds-WP_011272424.1,1.000000,CORE
NZ_CP009610.1|cds-WP_005659064.1,1.000000,CORE
NZ_CP009610.1|cds-WP_011271799.1,1.000000,CORE
NZ_CP009610.1|cds-WP_005666443.1,1.000000,CORE
NZ_CP009610.1|cds-WP_038440289.1,0.800000,FLEX
NZ_CP009610.1|cds-WP_005660878.1,1.000000,CORE
NZ_CP009610.1|cds-WP_011272219.1,1.000000,CORE
NZ_CP009610.1|cds-WP_038441295.1,1.000000,CORE
NZ_CP009610.1|cds-WP_005688368.1,1.000000,CORE
NZ_CP009610.1|cds-WP_005689889.1,1.000000,CORE
NZ_CP009610.1|cds-WP_011272118.1,1.000000,CORE
NZ_CP009610.1|cds-WP_005662848.1,1.000000,CORE
NZ_CP009610.1|cds-WP_005690699.1,1.000000,CORE
NZ_CP009610.1|cds-WP_038441174.1,1.000000,CORE
NZ_CP009610.1|cds-WP_038441308.1,1.000000,CORE
NZ_CP009610.1|cds-WP_038440914.1,1.000000,CORE
NZ_CP009610.1|cds-WP_005548786.1,1.000000,CORE
NZ_CP009610.1|cds-WP_005648919.1,1.000000,CORE
NZ_CP009610.1|cds-WP_005648731.1,1.000000,CORE
NZ_CP009610.1|cds-WP_011271964.1,1.000000,CORE
NZ_CP009610.1|cds-WP_038441242.1,1.000000,CORE
NZ_CP009610.1|cds-WP_005688390.1,1.000000,CORE
NZ_CP009610.1|cds-WP_005656163.1,1.000000,CORE
NZ_CP009610.1|cds-WP_038440944.1,1.000000,CORE
NZ_CP009610.1|cds-WP_038440363.1,1.000000,CORE
NZ_CP009610.1|cds-WP_038440432.1,1.000000,CORE
NZ_CP009610.1|cds-WP_038440484.1,1.000000,CORE
NZ_CP009610.1|cds-WP_005694105.1,1.000000,CORE
NZ_CP009610.1|cds-WP_011272569.1,0.900000,FLEX
NZ_CP009610.1|cds-WP_005647563.1,1.000000,CORE
NZ_CP009610.1|cds-WP_014550931.1,1.000000,CORE
NZ_CP009610.1|cds-WP_011271780.1,1.000000,CORE
NZ_CP009610.1|cds-WP_038441403.1,1.000000,CORE
NZ_CP009610.1|cds-WP_011271807.1,1.000000,CORE
NZ_CP009610.1|cds-WP_005690686.1,1.000000,CORE
NZ_CP009610.1|cds-WP_038440907.1,1.000000,CORE
NZ_CP009610.1|cds-WP_038441317.1,1.000000,CORE
NZ_CP009610.1|cds-WP_005661152.1,1.000000,CORE
NZ_CP009610.1|cds-WP_011272437.1,1.000000,CORE
NZ_CP009610.1|cds-WP_005667564.1,1.000000,CORE
NZ_CP009610.1|cds-WP_005649826.1,1.000000,CORE
NZ_CP009610.1|cds-WP_005693236.1,1.000000,CORE
NZ_CP009610.1|cds-WP_080291957.1,1.000000,CORE
NZ_CP009610.1|cds-WP_038440705.1,0.900000,FLEX
NZ_CP009610.1|cds-WP_011272298.1,1.000000,CORE
NZ_CP009610.1|cds-WP_005657119.1,1.000000,CORE
NZ_CP009610.1|cds-WP_005658215.1,1.000000,CORE
NZ_CP009610.1|cds-WP_011272056.1,1.000000,CORE
NZ_CP009610.1|cds-WP_005660991.1,1.000000,CORE
NZ_CP009610.1|cds-WP_005652027.1,1.000000,CORE
NZ_CP009610.1|cds-WP_005666161.1,1.000000,CORE
NZ_CP009610.1|cds-WP_005648735.1,1.000000,CORE
NZ_CP009610.1|cds-WP_038440336.1,1.000000,CORE
NZ_CP009610.1|cds-WP_038441265.1,1.000000,CORE
NZ_CP009610.1|cds-WP_005651729.1,1.000000,CORE
NZ_CP009610.1|cds-WP_038440909.1,1.000000,CORE
NZ_CP009610.1|cds-WP_038440488.1,1.000000,CORE
NZ_CP009610.1|cds-WP_011272224.1,1.000000,CORE
NZ_CP009610.1|cds-WP_038440747.1,1.000000,CORE
NZ_CP009610.1|cds-WP_038440894.1,1.000000,CORE
NZ_CP009610.1|cds-WP_005693688.1,1.000000,CORE
NZ_CP009610.1|cds-WP_011272775.1,1.000000,CORE
NZ_CP009610.1|cds-WP_005648605.1,1.000000,CORE
NZ_CP009610.1|cds-WP_038440468.1,1.000000,CORE
NZ_CP009610.1|cds-WP_011271871.1,1.000000,CORE
NZ_CP009610.1|cds-WP_038440581.1,1.000000,CORE
NZ_CP009610.1|cds-WP_038440887.1,1.000000,CORE
NZ_CP009610.1|cds-WP_011272147.1,1.000000,CORE
NZ_CP009610.1|cds-WP_038441021.1,1.000000,CORE
NZ_CP009610.1|cds-WP_005654525.1,1.000000,CORE
NZ_CP009610.1|cds-WP_011271963.1,1.000000,CORE
NZ_CP009610.1|cds-WP_005692664.1,1.000000,CORE
NZ_CP009610.1|cds-WP_038441448.1,1.000000,CORE
NZ_CP009610.1|cds-WP_005658417.1,1.000000,CORE
NZ_CP009610.1|cds-WP_011272299.1,1.000000,CORE
NZ_CP009610.1|cds-WP_005687959.1,0.900000,FLEX
NZ_CP009610.1|cds-WP_011272385.1,1.000000,CORE
NZ_CP009610.1|cds-WP_005660622.1,1.000000,CORE
NZ_CP009610.1|cds-WP_005664488.1,1.000000,CORE
NZ_CP009610.1|cds-WP_005650502.1,1.000000,CORE
NZ_CP009610.1|cds-WP_005661057.1,1.000000,CORE
NZ_CP009610.1|cds-WP_005648916.1,1.000000,CORE
NZ_CP009610.1|cds-WP_011272770.1,1.000000,CORE
NZ_CP009610.1|cds-WP_038440308.1,1.000000,CORE
NZ_CP009610.1|cds-WP_048942113.1,1.000000,CORE
NZ_CP009610.1|cds-WP_005658466.1,1.000000,CORE
NZ_CP009610.1|cds-WP_005667437.1,1.000000,CORE
NZ_CP009610.1|cds-WP_038440571.1,1.000000,CORE
NZ_CP009610.1|cds-WP_005687534.1,1.000000,CORE
NZ_CP009610.1|cds-WP_011272078.1,1.000000,CORE
NZ_CP009610.1|cds-WP_038441065.1,1.000000,CORE
NZ_CP009610.1|cds-WP_038440388.1,1.000000,CORE
NZ_CP009610.1|cds-WP_005689853.1,1.000000,CORE
NZ_CP009610.1|cds-WP_005663214.1,1.000000,CORE
NZ_CP009610.1|cds-WP_011272389.1,1.000000,CORE
NZ_CP009610.1|cds-WP_005659252.1,1.000000,CORE
NZ_CP009610.1|cds-WP_011272054.1,1.000000,CORE
NZ_CP009610.1|cds-WP_038441311.1,1.000000,CORE
NZ_CP009610.1|cds-WP_005654861.1,1.000000,CORE
NZ_CP009610.1|cds-WP_011271785.1,1.000000,CORE
NZ_CP009610.1|cds-WP_005650820.1,1.000000,CORE
NZ_CP009610.1|cds-WP_005687630.1,1.000000,CORE
NZ_CP009610.1|cds-WP_005687337.1,1.000000,CORE
NZ_CP009610.1|cds-WP_011271980.1,1.000000,CORE
NZ_CP009610.1|cds-WP_005652371.1,1.000000,CORE
NZ_CP009610.1|cds-WP_005656439.1,1.000000,CORE
NZ_CP009610.1|cds-WP_005648400.1,1.000000,CORE
NZ_CP009610.1|cds-WP_005648552.1,1.000000,CORE
NZ_CP009610.1|cds-WP_005542826.1,1.000000,CORE
NZ_CP009610.1|cds-WP_038440817.1,1.000000,CORE
NZ_CP009610.1|cds-WP_011272171.1,1.000000,CORE
NZ_CP009610.1|cds-WP_011271791.1,1.000000,CORE
NZ_CP009610.1|cds-WP_038441367.1,1.000000,CORE
NZ_CP009610.1|cds-WP_011272161.1,1.000000,CORE
NZ_CP009610.1|cds-WP_032824330.1,1.000000,CORE
NZ_CP009610.1|cds-WP_005664204.1,0.900000,FLEX
NZ_CP009610.1|cds-WP_005648404.1,1.000000,CORE
NZ_CP009610.1|cds-WP_005649391.1,1.000000,CORE
NZ_CP009610.1|cds-WP_038440916.1,1.000000,CORE
NZ_CP009610.1|cds-WP_011272649.1,1.000000,CORE
NZ_CP009610.1|cds-WP_013526207.1,1.000000,CORE
NZ_CP009610.1|cds-WP_011271792.1,1.000000,CORE
NZ_CP009610.1|cds-WP_005648518.1,1.000000,CORE
NZ_CP009610.1|cds-WP_005660595.1,1.000000,CORE
NZ_CP009610.1|cds-WP_005649115.1,1.000000,CORE
NZ_CP009610.1|cds-WP_005650696.1,1.000000,CORE
NZ_CP009610.1|cds-WP_005639843.1,1.000000,CORE
NZ_CP009610.1|cds-WP_005649106.1,1.000000,CORE
NZ_CP009610.1|cds-WP_015702455.1,1.000000,CORE
NZ_CP009610.1|cds-WP_038440331.1,1.000000,CORE
NZ_CP009610.1|cds-WP_005656980.1,1.000000,CORE
NZ_CP009610.1|cds-WP_011272007.1,1.000000,CORE
NZ_CP009610.1|cds-WP_038441148.1,1.000000,CORE
NZ_CP009610.1|cds-WP_038440351.1,1.000000,CORE
NZ_CP009610.1|cds-WP_038441319.1,1.000000,CORE
NZ_CP009610.1|cds-WP_005688044.1,1.000000,CORE
NZ_CP009610.1|cds-WP_011272366.1,1.000000,CORE
NZ_CP009610.1|cds-WP_005661306.1,1.000000,CORE
NZ_CP009610.1|cds-WP_011272462.1,1.000000,CORE
NZ_CP009610.1|cds-WP_038440800.1,1.000000,CORE
NZ_CP009610.1|cds-WP_038440984.1,1.000000,CORE
NZ_CP009610.1|cds-WP_042599556.1,1.000000,CORE
NZ_CP009610.1|cds-WP_005669842.1,1.000000,CORE
NZ_CP009610.1|cds-NF38_RS09065,1.000000,CORE
NZ_CP009610.1|cds-WP_005687358.1,1.000000,CORE
NZ_CP009610.1|cds-WP_011272360.1,1.000000,CORE
NZ_CP009610.1|cds-WP_005686574.1,1.000000,CORE
NZ_CP009610.1|cds-WP_011272600.1,1.000000,CORE
NZ_CP009610.1|cds-WP_005686573.1,1.000000,CORE
NZ_CP009610.1|cds-WP_005652401.1,1.000000,CORE
NZ_CP009610.1|cds-WP_005654416.1,1.000000,CORE
NZ_CP009610.1|cds-WP_005654417.1,1.000000,CORE
NZ_CP009610.1|cds-WP_038440490.1,1.000000,CORE
NZ_CP009610.1|cds-WP_005650386.1,0.900000,FLEX
NZ_CP009610.1|cds-WP_038440809.1,1.000000,CORE
NZ_CP009610.1|cds-WP_038440855.1,0.600000,FLEX
NZ_CP009610.1|cds-WP_038441267.1,1.000000,CORE
NZ_CP009610.1|cds-WP_038441050.1,1.000000,CORE
NZ_CP009610.1|cds-WP_005654433.1,1.000000,CORE
NZ_CP009610.1|cds-WP_005627620.1,1.000000,CORE
NZ_CP009610.1|cds-WP_038440960.1,1.000000,CORE
NZ_CP009610.1|cds-WP_005651737.1,1.000000,CORE
NZ_CP009610.1|cds-WP_005688232.1,1.000000,CORE
NZ_CP009610.1|cds-WP_011272548.1,1.000000,CORE
NZ_CP009610.1|cds-WP_038440676.1,0.100000,FLEX
NZ_CP009610.1|cds-WP_005629736.1,1.000000,CORE
NZ_CP009610.1|cds-WP_011272099.1,1.000000,CORE
NZ_CP009610.1|cds-WP_005670086.1,1.000000,CORE
NZ_CP009610.1|cds-WP_011272358.1,1.000000,CORE
NZ_CP009610.1|cds-WP_005650761.1,0.600000,FLEX
NZ_CP009610.1|cds-WP_005641600.1,0.100000,FLEX
NZ_CP009610.1|cds-WP_005661282.1,1.000000,CORE
NZ_CP009610.1|cds-WP_005653307.1,1.000000,CORE
NZ_CP009610.1|cds-WP_038440328.1,1.000000,CORE
NZ_CP009610.1|cds-WP_011272308.1,1.000000,CORE
NZ_CP009610.1|cds-WP_038441067.1,1.000000,CORE
NZ_CP009610.1|cds-WP_011272561.1,1.000000,CORE
NZ_CP009610.1|cds-WP_014550497.1,1.000000,CORE
NZ_CP009610.1|cds-WP_005658522.1,1.000000,CORE
NZ_CP009610.1|cds-WP_013527285.1,1.000000,CORE
NZ_CP009610.1|cds-WP_005654237.1,1.000000,CORE
NZ_CP009610.1|cds-WP_005688025.1,1.000000,CORE
NZ_CP009610.1|cds-WP_038440554.1,1.000000,CORE
NZ_CP009610.1|cds-WP_011272043.1,1.000000,CORE
NZ_CP009610.1|cds-WP_005625888.1,1.000000,CORE
NZ_CP009610.1|cds-WP_038440403.1,1.000000,CORE
NZ_CP009610.1|cds-WP_011271984.1,1.000000,CORE
NZ_CP009610.1|cds-WP_005649192.1,1.000000,CORE
NZ_CP009610.1|cds-WP_038440938.1,1.000000,CORE
NZ_CP009610.1|cds-WP_032826718.1,1.000000,CORE
NZ_CP009610.1|cds-WP_005652432.1,1.000000,CORE
NZ_CP009610.1|cds-WP_005648917.1,1.000000,CORE
NZ_CP009610.1|cds-WP_005654380.1,1.000000,CORE
NZ_CP009610.1|cds-WP_005650594.1,1.000000,CORE
NZ_CP009610.1|cds-WP_005649868.1,1.000000,CORE
NZ_CP009610.1|cds-WP_005689272.1,1.000000,CORE
NZ_CP009610.1|cds-WP_005664316.1,1.000000,CORE
NZ_CP009610.1|cds-WP_011271894.1,1.000000,CORE
NZ_CP009610.1|cds-WP_038440962.1,1.000000,CORE
NZ_CP009610.1|cds-WP_011271787.1,1.000000,CORE
NZ_CP009610.1|cds-WP_080291953.1,1.000000,CORE
NZ_CP009610.1|cds-NF38_RS09365,1.000000,CORE
NZ_CP009610.1|cds-WP_011272772.1,1.000000,CORE
NZ_CP009610.1|cds-WP_011272284.1,1.000000,CORE
NZ_CP009610.1|cds-WP_011272619.1,0.100000,FLEX
NZ_CP009610.1|cds-WP_005657802.1,1.000000,CORE
NZ_CP009610.1|cds-WP_005645731.1,1.000000,CORE
NZ_CP009610.1|cds-WP_005647225.1,1.000000,CORE
NZ_CP009610.1|cds-WP_038440311.1,1.000000,CORE
NZ_CP009610.1|cds-WP_038441106.1,1.000000,CORE
NZ_CP009610.1|cds-WP_012055368.1,1.000000,CORE
NZ_CP009610.1|cds-WP_005651732.1,1.000000,CORE
NZ_CP009610.1|cds-WP_011272278.1,1.000000,CORE
NZ_CP009610.1|cds-WP_038441409.1,1.000000,CORE
NZ_CP009610.1|cds-WP_038440627.1,1.000000,CORE
NZ_CP009610.1|cds-WP_005666358.1,1.000000,CORE
NZ_CP009610.1|cds-WP_005628170.1,1.000000,CORE
NZ_CP009610.1|cds-WP_038441345.1,1.000000,CORE
NZ_CP009610.1|cds-WP_038440993.1,1.000000,CORE
NZ_CP009610.1|cds-WP_005650218.1,1.000000,CORE
NZ_CP009610.1|cds-WP_038441306.1,1.000000,CORE
NZ_CP009610.1|cds-WP_005651471.1,1.000000,CORE
NZ_CP009610.1|cds-WP_012055332.1,1.000000,CORE
NZ_CP009610.1|cds-WP_005694297.1,1.000000,CORE
NZ_CP009610.1|cds-WP_011271779.1,1.000000,CORE
NZ_CP009610.1|cds-WP_038440300.1,1.000000,CORE
NZ_CP009610.1|cds-WP_011271915.1,1.000000,CORE
NZ_CP009610.1|cds-WP_005662218.1,1.000000,CORE
NZ_CP009610.1|cds-WP_011272087.1,1.000000,CORE
NZ_CP009610.1|cds-WP_011272203.1,0.900000,FLEX
NZ_CP009610.1|cds-WP_005660851.1,1.000000,CORE
NZ_CP009610.1|cds-WP_005543631.1,1.000000,CORE
NZ_CP009610.1|cds-WP_005659903.1,1.000000,CORE
NZ_CP009610.1|cds-WP_005658483.1,1.000000,CORE
NZ_CP009610.1|cds-WP_005657657.1,1.000000,CORE
NZ_CP009610.1|cds-WP_005649164.1,1.000000,CORE
NZ_CP009610.1|cds-NF38_RS05000,1.000000,CORE
NZ_CP009610.1|cds-WP_038440345.1,1.000000,CORE
NZ_CP009610.1|cds-WP_038440991.1,1.000000,CORE
NZ_CP009610.1|cds-WP_005649300.1,1.000000,CORE
NZ_CP009610.1|cds-WP_080291956.1,1.000000,CORE
NZ_CP009610.1|cds-WP_005693272.1,1.000000,CORE
NZ_CP009610.1|cds-WP_005654959.1,1.000000,CORE
NZ_CP009610.1|cds-WP_038441383.1,1.000000,CORE
NZ_CP009610.1|cds-WP_005652035.1,1.000000,CORE
NZ_CP009610.1|cds-WP_005623843.1,1.000000,CORE
NZ_CP009610.1|cds-WP_005691542.1,1.000000,CORE
NZ_CP009610.1|cds-WP_005649085.1,1.000000,CORE
NZ_CP009610.1|cds-WP_011271974.1,1.000000,CORE
NZ_CP009610.1|cds-WP_005648312.1,1.000000,CORE
NZ_CP009610.1|cds-WP_005686892.1,1.000000,CORE
NZ_CP009610.1|cds-WP_005690682.1,1.000000,CORE
NZ_CP009610.1|cds-WP_005686602.1,1.000000,CORE
NZ_CP009610.1|cds-WP_038441466.1,1.000000,CORE
NZ_CP009610.1|cds-WP_038440558.1,1.000000,CORE
NZ_CP009610.1|cds-WP_005660849.1,1.000000,CORE
NZ_CP009610.1|cds-WP_038440281.1,1.000000,CORE
NZ_CP009610.1|cds-WP_005655988.1,1.000000,CORE
NZ_CP009610.1|cds-WP_011272188.1,1.000000,CORE
NZ_CP009610.1|cds-WP_005653671.1,1.000000,CORE
NZ_CP009610.1|cds-WP_011271818.1,1.000000,CORE
NZ_CP009610.1|cds-WP_162690228.1,1.000000,CORE
NZ_CP009610.1|cds-WP_005664283.1,1.000000,CORE
NZ_CP009610.1|cds-WP_005647993.1,1.000000,CORE
NZ_CP009610.1|cds-WP_005648994.1,1.000000,CORE
NZ_CP009610.1|cds-WP_038440303.1,1.000000,CORE
NZ_CP009610.1|cds-WP_011272151.1,1.000000,CORE
NZ_CP009610.1|cds-WP_038440592.1,1.000000,CORE
NZ_CP009610.1|cds-WP_038441292.1,1.000000,CORE
NZ_CP009610.1|cds-WP_038440728.1,1.000000,CORE
NZ_CP009610.1|cds-WP_038440772.1,1.000000,CORE
NZ_CP009610.1|cds-WP_005630160.1,1.000000,CORE
NZ_CP009610.1|cds-WP_005650453.1,1.000000,CORE
NZ_CP009610.1|cds-WP_005661259.1,1.000000,CORE
NZ_CP009610.1|cds-WP_038440776.1,1.000000,CORE
NZ_CP009610.1|cds-WP_011272218.1,1.000000,CORE
NZ_CP009610.1|cds-WP_032821670.1,1.000000,CORE
NZ_CP009610.1|cds-WP_038440791.1,1.000000,CORE
NZ_CP009610.1|cds-WP_005666641.1,1.000000,CORE
NZ_CP009610.1|cds-WP_011272663.1,1.000000,CORE
NZ_CP009610.1|cds-WP_005686592.1,1.000000,CORE
NZ_CP009610.1|cds-WP_038441380.1,1.000000,CORE
NZ_CP009610.1|cds-WP_038441356.1,1.000000,CORE
NZ_CP009610.1|cds-WP_005649446.1,1.000000,CORE
NZ_CP009610.1|cds-WP_005649088.1,1.000000,CORE
NZ_CP009610.1|cds-WP_005657853.1,1.000000,CORE
NZ_CP009610.1|cds-WP_038440401.1,1.000000,CORE
NZ_CP009610.1|cds-WP_038440313.1,1.000000,CORE
NZ_CP009610.1|cds-WP_005658221.1,1.000000,CORE
NZ_CP009610.1|cds-WP_005628746.1,0.900000,FLEX
NZ_CP009610.1|cds-WP_005596065.1,1.000000,CORE
NZ_CP009610.1|cds-WP_038441321.1,1.000000,CORE
NZ_CP009610.1|cds-WP_009500975.1,1.000000,CORE
NZ_CP009610.1|cds-WP_005650698.1,1.000000,CORE
NZ_CP009610.1|cds-WP_011272361.1,1.000000,CORE
NZ_CP009610.1|cds-WP_011272712.1,1.000000,CORE
NZ_CP009610.1|cds-WP_005689857.1,1.000000,CORE
NZ_CP009610.1|cds-WP_005657800.1,1.000000,CORE
NZ_CP009610.1|cds-WP_005659686.1,1.000000,CORE
NZ_CP009610.1|cds-WP_005649472.1,1.000000,CORE
NZ_CP009610.1|cds-WP_038440842.1,1.000000,CORE
NZ_CP009610.1|cds-WP_005690680.1,1.000000,CORE
NZ_CP009610.1|cds-WP_011272422.1,1.000000,CORE
NZ_CP009610.1|cds-WP_005631184.1,1.000000,CORE
NZ_CP009610.1|cds-WP_038440482.1,1.000000,CORE
NZ_CP009610.1|cds-WP_038440959.1,1.000000,CORE
NZ_CP009610.1|cds-WP_005686717.1-2,1.000000,CORE
NZ_CP009610.1|cds-WP_005686871.1,1.000000,CORE
NZ_CP009610.1|cds-WP_038440601.1,1.000000,CORE
NZ_CP009610.1|cds-WP_015701735.1,1.000000,CORE
NZ_CP009610.1|cds-WP_005688061.1,1.000000,CORE
NZ_CP009610.1|cds-WP_005656397.1,1.000000,CORE
NZ_CP009610.1|cds-WP_014550681.1,1.000000,CORE
NZ_CP009610.1|cds-WP_013525505.1,1.000000,CORE
NZ_CP009610.1|cds-WP_005656822.1,1.000000,CORE
NZ_CP009610.1|cds-WP_011272549.1,1.000000,CORE
NZ_CP009610.1|cds-WP_038441101.1,1.000000,CORE
NZ_CP009610.1|cds-WP_011272200.1,1.000000,CORE
NZ_CP009610.1|cds-WP_038441408.1,1.000000,CORE
NZ_CP009610.1|cds-WP_011272300.1,1.000000,CORE
NZ_CP009610.1|cds-WP_011271924.1,1.000000,CORE
NZ_CP009610.1|cds-WP_011272460.1,1.000000,CORE
NZ_CP009610.1|cds-WP_005667635.1,1.000000,CORE
NZ_CP009610.1|cds-WP_005647705.1,1.000000,CORE
NZ_CP009610.1|cds-WP_011271781.1,1.000000,CORE
NZ_CP009610.1|cds-WP_011272365.1,1.000000,CORE
NZ_CP009610.1|cds-WP_011271875.1,1.000000,CORE
NZ_CP009610.1|cds-WP_038440413.1,1.000000,CORE
NZ_CP009610.1|cds-WP_038441373.1,1.000000,CORE
NZ_CP009610.1|cds-WP_011272760.1,1.000000,CORE
NZ_CP009610.1|cds-WP_005666402.1,1.000000,CORE
NZ_CP009610.1|cds-WP_011271985.1,1.000000,CORE
NZ_CP009610.1|cds-WP_005654445.1,1.000000,CORE
NZ_CP009610.1|cds-WP_005658219.1,1.000000,CORE
NZ_CP009610.1|cds-WP_038441473.1,1.000000,CORE
NZ_CP009610.1|cds-WP_005686695.1,1.000000,CORE
NZ_CP009610.1|cds-WP_005660416.1,1.000000,CORE
NZ_CP009610.1|cds-WP_005660827.1,1.000000,CORE
NZ_CP009610.1|cds-WP_005660840.1,1.000000,CORE
NZ_CP009610.1|cds-WP_005656818.1,1.000000,CORE
NZ_CP009610.1|cds-WP_005655906.1,1.000000,CORE
NZ_CP009610.1|cds-WP_038441300.1,1.000000,CORE
NZ_CP009610.1|cds-WP_005660359.1,1.000000,CORE
NZ_CP009610.1|cds-WP_011272049.1,1.000000,CORE
NZ_CP009610.1|cds-WP_005656607.1,1.000000,CORE
NZ_CP009610.1|cds-WP_011272694.1,1.000000,CORE
NZ_CP009610.1|cds-WP_038440550.1,1.000000,CORE
NZ_CP009610.1|cds-WP_011271805.1,1.000000,CORE
NZ_CP009610.1|cds-WP_011272221.1,1.000000,CORE
NZ_CP009610.1|cds-WP_011272306.1,1.000000,CORE
NZ_CP009610.1|cds-WP_005648813.1,0.200000,FLEX
NZ_CP009610.1|cds-WP_038441029.1,1.000000,CORE
NZ_CP009610.1|cds-WP_005659061.1,1.000000,CORE
NZ_CP009610.1|cds-WP_005661318.1,1.000000,CORE
NZ_CP009610.1|cds-WP_005648696.1,1.000000,CORE
NZ_CP009610.1|cds-WP_005650347.1,1.000000,CORE
NZ_CP009610.1|cds-WP_005686881.1,1.000000,CORE
NZ_CP009610.1|cds-WP_012054471.1,1.000000,CORE
NZ_CP009610.1|cds-WP_038441339.1,1.000000,CORE
NZ_CP009610.1|cds-WP_038440692.1,0.100000,FLEX
NZ_CP009610.1|cds-WP_011272648.1,1.000000,CORE
NZ_CP009610.1|cds-WP_005667496.1,1.000000,CORE
NZ_CP009610.1|cds-WP_005688053.1,1.000000,CORE
NZ_CP009610.1|cds-WP_005660601.1,1.000000,CORE
NZ_CP009610.1|cds-WP_005688862.1,0.500000,FLEX
NZ_CP009610.1|cds-WP_001181005.1,1.000000,CORE
NZ_CP009610.1|cds-WP_005648814.1,1.000000,CORE
NZ_CP009610.1|cds-WP_038441346.1,1.000000,CORE
NZ_CP009610.1|cds-WP_038440284.1,1.000000,CORE
NZ_CP009610.1|cds-WP_011272165.1,1.000000,CORE
NZ_CP009610.1|cds-WP_005632483.1,1.000000,CORE
NZ_CP009610.1|cds-WP_005651954.1,1.000000,CORE
NZ_CP009610.1|cds-WP_038441244.1,1.000000,CORE
NZ_CP009610.1|cds-WP_005690713.1,1.000000,CORE
NZ_CP009610.1|cds-WP_005647999.1,1.000000,CORE
NZ_CP009610.1|cds-WP_005691316.1,1.000000,CORE
NZ_CP009610.1|cds-WP_014550928.1,1.000000,CORE
NZ_CP009610.1|cds-WP_011272046.1,1.000000,CORE
NZ_CP009610.1|cds-WP_005655990.1,1.000000,CORE
NZ_CP009610.1|cds-WP_038440502.1,1.000000,CORE
NZ_CP009610.1|cds-WP_162627973.1,1.000000,CORE
NZ_CP009610.1|cds-WP_038440725.1,0.100000,FLEX
NZ_CP009610.1|cds-WP_011271910.1,1.000000,CORE
NZ_CP009610.1|cds-WP_005651852.1,1.000000,CORE
NZ_CP009610.1|cds-WP_005629251.1,1.000000,CORE
NZ_CP009610.1|cds-WP_011271981.1,1.000000,CORE
NZ_CP009610.1|cds-WP_005598105.1,1.000000,CORE
NZ_CP009610.1|cds-WP_038440342.1,1.000000,CORE
NZ_CP009610.1|cds-WP_038440457.1,1.000000,CORE
NZ_CP009610.1|cds-WP_011271988.1,1.000000,CORE
NZ_CP009610.1|cds-WP_011271971.1,1.000000,CORE
NZ_CP009610.1|cds-WP_005654317.1,1.000000,CORE
NZ_CP009610.1|cds-WP_038441304.1,1.000000,CORE
NZ_CP009610.1|cds-WP_005656333.1,1.000000,CORE
NZ_CP009610.1|cds-WP_038441028.1,1.000000,CORE
NZ_CP009610.1|cds-WP_005690169.1,1.000000,CORE
NZ_CP009610.1|cds-WP_011271873.1,1.000000,CORE
NZ_CP009610.1|cds-WP_005652481.1,1.000000,CORE
NZ_CP009610.1|cds-WP_005689016.1,1.000000,CORE
NZ_CP009610.1|cds-WP_005660833.1,1.000000,CORE
NZ_CP009610.1|cds-WP_005667009.1,0.700000,FLEX
NZ_CP009610.1|cds-WP_005651005.1,1.000000,CORE
NZ_CP009610.1|cds-WP_038441333.1,1.000000,CORE
NZ_CP009610.1|cds-WP_038441283.1,1.000000,CORE
NZ_CP009610.1|cds-WP_038440708.1,0.900000,FLEX
NZ_CP009610.1|cds-WP_038441417.1,1.000000,CORE
NZ_CP009610.1|cds-WP_038441310.1,1.000000,CORE
NZ_CP009610.1|cds-WP_038441137.1,1.000000,CORE
NZ_CP009610.1|cds-WP_011272711.1,1.000000,CORE
NZ_CP009610.1|cds-WP_038441465.1,1.000000,CORE
NZ_CP009610.1|cds-WP_005663006.1,1.000000,CORE
NZ_CP009610.1|cds-WP_038440782.1,1.000000,CORE
NZ_CP009610.1|cds-WP_005651725.1,1.000000,CORE
NZ_CP009610.1|cds-WP_005654466.1,1.000000,CORE
NZ_CP009610.1|cds-WP_011272074.1,1.000000,CORE
NZ_CP009610.1|cds-WP_005651586.1,1.000000,CORE
NZ_CP009610.1|cds-WP_038440480.1,1.000000,CORE
NZ_CP009610.1|cds-WP_005667050.1,0.900000,FLEX
NZ_CP009610.1|cds-WP_011272541.1,1.000000,CORE
NZ_CP009610.1|cds-WP_038440564.1,1.000000,CORE
NZ_CP009610.1|cds-WP_005651299.1,0.100000,FLEX
NZ_CP009610.1|cds-WP_011272237.1,1.000000,CORE
NZ_CP009610.1|cds-WP_005689021.1,1.000000,CORE
NZ_CP009610.1|cds-WP_038440737.1,1.000000,CORE
NZ_CP009610.1|cds-WP_005694317.1,1.000000,CORE
NZ_CP009610.1|cds-WP_011272164.1,1.000000,CORE
NZ_CP009610.1|cds-WP_038440821.1,1.000000,CORE
NZ_CP009610.1|cds-WP_005687300.1,1.000000,CORE
NZ_CP009610.1|cds-WP_011272542.1,1.000000,CORE
NZ_CP009610.1|cds-WP_038441072.1,1.000000,CORE
NZ_CP009610.1|cds-WP_038441450.1,1.000000,CORE
NZ_CP009610.1|cds-WP_005652439.1,1.000000,CORE
NZ_CP009610.1|cds-WP_038440699.1,0.900000,FLEX
NZ_CP009610.1|cds-WP_005656815.1,1.000000,CORE
NZ_CP009610.1|cds-WP_005660513.1,1.000000,CORE
NZ_CP009610.1|cds-WP_038440356.1,1.000000,CORE
NZ_CP009610.1|cds-WP_005652847.1,1.000000,CORE
NZ_CP009610.1|cds-WP_038441260.1,1.000000,CORE
NZ_CP009610.1|cds-WP_038440527.1,1.000000,CORE
NZ_CP009610.1|cds-WP_005631594.1,1.000000,CORE
NZ_CP009610.1|cds-WP_038440447.1,1.000000,CORE
NZ_CP009610.1|cds-WP_005656740.1,1.000000,CORE
NZ_CP009610.1|cds-WP_038440360.1,1.000000,CORE
NZ_CP009610.1|cds-WP_038441297.1,1.000000,CORE
NZ_CP009610.1|cds-WP_038440702.1,0.900000,FLEX
NZ_CP009610.1|cds-WP_005693196.1,1.000000,CORE
NZ_CP009610.1|cds-WP_005692773.1,1.000000,CORE
NZ_CP009610.1|cds-WP_038440497.1,1.000000,CORE
NZ_CP009610.1|cds-WP_038440577.1,1.000000,CORE
NZ_CP009610.1|cds-WP_005694416.1,1.000000,CORE
NZ_CP009610.1|cds-WP_005657804.1,1.000000,CORE
NZ_CP009610.1|cds-WP_005666957.1,1.000000,CORE
NZ_CP009610.1|cds-WP_038441272.1,1.000000,CORE
NZ_CP009610.1|cds-WP_038441262.1,1.000000,CORE
NZ_CP009610.1|cds-WP_005688028.1,1.000000,CORE
NZ_CP009610.1|cds-WP_005650448.1,1.000000,CORE
NZ_CP009610.1|cds-WP_005688062.1,1.000000,CORE
NZ_CP009610.1|cds-WP_011272380.1,1.000000,CORE
NZ_CP009610.1|cds-WP_005635167.1,1.000000,CORE
NZ_CP009610.1|cds-WP_011272382.1,0.300000,FLEX
NZ_CP009610.1|cds-WP_011272008.1,1.000000,CORE
NZ_CP009610.1|cds-WP_005653867.1,1.000000,CORE
NZ_CP009610.1|cds-WP_038440296.1,1.000000,CORE
NZ_CP009610.1|cds-WP_005629669.1,1.000000,CORE
NZ_CP009610.1|cds-WP_005691337.1,1.000000,CORE
NZ_CP009610.1|cds-WP_038440556.1,1.000000,CORE
NZ_CP009610.1|cds-WP_032827554.1,1.000000,CORE
NZ_CP009610.1|cds-WP_011272440.1,1.000000,CORE
NZ_CP009610.1|cds-WP_005661561.1,1.000000,CORE
NZ_CP009610.1|cds-WP_005690826.1,0.400000,FLEX
NZ_CP009610.1|cds-WP_038441108.1,1.000000,CORE
NZ_CP009610.1|cds-WP_038441113.1,1.000000,CORE
NZ_CP009610.1|cds-WP_005544066.1,1.000000,CORE
NZ_CP009610.1|cds-WP_074031114.1,1.000000,CORE
NZ_CP009610.1|cds-WP_038440625.1,0.700000,FLEX
NZ_CP009610.1|cds-WP_005625828.1,1.000000,CORE
NZ_CP009610.1|cds-WP_038441079.1,1.000000,CORE
NZ_CP009610.1|cds-WP_005631625.1,1.000000,CORE
NZ_CP009610.1|cds-WP_005633786.1,0.200000,FLEX
NZ_CP009610.1|cds-WP_038441041.1,1.000000,CORE
NZ_CP009610.1|cds-WP_005656614.1,1.000000,CORE
NZ_CP009610.1|cds-WP_011272421.1,1.000000,CORE
NZ_CP009610.1|cds-WP_079989920.1,1.000000,CORE
NZ_CP009610.1|cds-WP_038440983.1,1.000000,CORE
NZ_CP009610.1|cds-WP_011272680.1,0.200000,FLEX
NZ_CP009610.1|cds-WP_005692663.1,1.000000,CORE
NZ_CP009610.1|cds-WP_005662815.1,1.000000,CORE
NZ_CP009610.1|cds-WP_011272092.1,1.000000,CORE
NZ_CP009610.1|cds-WP_005657798.1,1.000000,CORE
NZ_CP009610.1|cds-WP_011272079.1,1.000000,CORE
NZ_CP009610.1|cds-WP_005667564.1-2,1.000000,CORE
NZ_CP009610.1|cds-WP_005650603.1,1.000000,CORE
NZ_CP009610.1|cds-WP_038440548.1,1.000000,CORE
NZ_CP009610.1|cds-WP_038440569.1,1.000000,CORE
NZ_CP009610.1|cds-WP_005543325.1,1.000000,CORE
NZ_CP009610.1|cds-WP_011272605.1,0.900000,FLEX
NZ_CP009610.1|cds-WP_005647374.1,1.000000,CORE
NZ_CP009610.1|cds-WP_032826234.1,0.100000,FLEX
NZ_CP009610.1|cds-WP_005649899.1,1.000000,CORE
NZ_CP009610.1|cds-WP_005660831.1,1.000000,CORE
NZ_CP009610.1|cds-WP_005648338.1,1.000000,CORE
NZ_CP009610.1|cds-NF38_RS09310,1.000000,CORE
NZ_CP009610.1|cds-WP_038441057.1,1.000000,CORE
NZ_CP009610.1|cds-WP_005654778.1,1.000000,CORE
NZ_CP009610.1|cds-WP_038440518.1,0.700000,FLEX
NZ_CP009610.1|cds-WP_038441323.1,1.000000,CORE
NZ_CP009610.1|cds-WP_021035668.1,1.000000,CORE
NZ_CP009610.1|cds-WP_005647404.1,1.000000,CORE
NZ_CP009610.1|cds-WP_011271905.1,1.000000,CORE
NZ_CP009610.1|cds-WP_005694403.1,1.000000,CORE
NZ_CP009610.1|cds-WP_005544465.1,1.000000,CORE
NZ_CP009610.1|cds-WP_005659678.1,1.000000,CORE
NZ_CP009610.1|cds-WP_005656925.1,1.000000,CORE
NZ_CP009610.1|cds-WP_038441045.1,1.000000,CORE
NZ_CP009610.1|cds-WP_011272771.1,1.000000,CORE
NZ_CP009610.1|cds-WP_005660565.1,1.000000,CORE
NZ_CP009610.1|cds-WP_005645552.1,1.000000,CORE
NZ_CP009610.1|cds-WP_038440407.1,1.000000,CORE
NZ_CP009610.1|cds-WP_005648575.1,1.000000,CORE
NZ_CP009610.1|cds-WP_038440848.1,1.000000,CORE
NZ_CP009610.1|cds-WP_005650423.1,1.000000,CORE
NZ_CP009610.1|cds-WP_005687637.1,1.000000,CORE
NZ_CP009610.1|cds-WP_005652031.1,1.000000,CORE
NZ_CP009610.1|cds-WP_005647722.1,1.000000,CORE
NZ_CP009610.1|cds-WP_011271916.1,1.000000,CORE
NZ_CP009610.1|cds-WP_011272174.1,1.000000,CORE
NZ_CP009610.1|cds-WP_005653079.1,0.200000,FLEX
NZ_CP009610.1|cds-WP_005689723.1,1.000000,CORE
NZ_CP009610.1|cds-WP_038440365.1,1.000000,CORE
NZ_CP009610.1|cds-WP_005648011.1,1.000000,CORE
NZ_CP009610.1|cds-WP_005668462.1,0.200000,FLEX
NZ_CP009610.1|cds-WP_005652934.1,1.000000,CORE
NZ_CP009610.1|cds-WP_005632753.1,1.000000,CORE
NZ_CP009610.1|cds-WP_005655593.1,1.000000,CORE
NZ_CP009610.1|cds-WP_005647819.1,1.000000,CORE
NZ_CP009610.1|cds-WP_005688199.1,1.000000,CORE
NZ_CP009610.1|cds-WP_005668209.1,1.000000,CORE
NZ_CP009610.1|cds-WP_011272685.1,0.200000,FLEX
NZ_CP009610.1|cds-WP_005655985.1,1.000000,CORE
NZ_CP009610.1|cds-WP_011271906.1,0.200000,FLEX
NZ_CP009610.1|cds-WP_011272774.1,1.000000,CORE
NZ_CP009610.1|cds-WP_005657915.1,1.000000,CORE
NZ_CP009610.1|cds-WP_005656617.1,1.000000,CORE
NZ_CP009610.1|cds-WP_038441000.1,1.000000,CORE
NZ_CP009610.1|cds-WP_038441002.1,1.000000,CORE
NZ_CP009610.1|cds-WP_038441299.1,1.000000,CORE
NZ_CP009610.1|cds-WP_011272012.1,1.000000,CORE
NZ_CP009610.1|cds-WP_011272763.1,1.000000,CORE
NZ_CP009610.1|cds-WP_011272250.1,1.000000,CORE
NZ_CP009610.1|cds-WP_005654371.1,1.000000,CORE
NZ_CP009610.1|cds-WP_005630954.1,1.000000,CORE
NZ_CP009610.1|cds-WP_005665906.1,1.000000,CORE
NZ_CP009610.1|cds-WP_005660861.1,1.000000,CORE
NZ_CP009610.1|cds-WP_038441006.1,1.000000,CORE
NZ_CP009610.1|cds-WP_005663061.1,1.000000,CORE
NZ_CP009610.1|cds-WP_011272322.1,1.000000,CORE
NZ_CP009610.1|cds-WP_005658217.1,1.000000,CORE
NZ_CP009610.1|cds-WP_011272563.1,1.000000,CORE
NZ_CP009610.1|cds-WP_011271782.1,1.000000,CORE
NZ_CP009610.1|cds-WP_011271991.1,1.000000,CORE
NZ_CP009610.1|cds-WP_172450366.1,1.000000,CORE
NZ_CP009610.1|cds-WP_042602440.1,1.000000,CORE
NZ_CP009610.1|cds-WP_005652973.1,1.000000,CORE
NZ_CP009610.1|cds-WP_005660943.1,1.000000,CORE
NZ_CP009610.1|cds-WP_011272084.1,1.000000,CORE
NZ_CP009610.1|cds-WP_005694007.1,1.000000,CORE
NZ_CP009610.1|cds-WP_005644428.1,1.000000,CORE
NZ_CP009610.1|cds-WP_011272669.1,0.600000,FLEX
NZ_CP009610.1|cds-WP_011272083.1,1.000000,CORE
NZ_CP009610.1|cds-WP_038441286.1,1.000000,CORE
NZ_CP009610.1|cds-WP_005666647.1,1.000000,CORE
NZ_CP009610.1|cds-WP_005652640.1,1.000000,CORE
NZ_CP009610.1|cds-WP_038440794.1,1.000000,CORE
NZ_CP009610.1|cds-WP_012054862.1,1.000000,CORE
NZ_CP009610.1|cds-WP_005657809.1,1.000000,CORE
NZ_CP009610.1|cds-WP_005689725.1,0.900000,FLEX
NZ_CP009610.1|cds-WP_005694062.1,1.000000,CORE
NZ_CP009610.1|cds-WP_005654318.1,0.800000,FLEX
NZ_CP009610.1|cds-WP_038441405.1,1.000000,CORE
NZ_CP009610.1|cds-WP_005664526.1,1.000000,CORE
NZ_CP009610.1|cds-WP_005652235.1,1.000000,CORE
NZ_CP009610.1|cds-WP_038440474.1,1.000000,CORE
NZ_CP009610.1|cds-WP_032821915.1,1.000000,CORE
NZ_CP009610.1|cds-WP_005656529.1,1.000000,CORE
NZ_CP009610.1|cds-WP_011272673.1,0.200000,FLEX
NZ_CP009610.1|cds-WP_038440933.1,1.000000,CORE
NZ_CP009610.1|cds-WP_011271958.1,1.000000,CORE
NZ_CP009610.1|cds-WP_038440787.1,1.000000,CORE
NZ_CP009610.1|cds-WP_011272762.1,1.000000,CORE
NZ_CP009610.1|cds-WP_005691976.1,1.000000,CORE
NZ_CP009610.1|cds-WP_042599461.1,1.000000,CORE
NZ_CP009610.1|cds-WP_005649383.1,1.000000,CORE
NZ_CP009610.1|cds-WP_011272599.1,1.000000,CORE
NZ_CP009610.1|cds-WP_038440997.1,1.000000,CORE
NZ_CP009610.1|cds-WP_005687488.1,1.000000,CORE
NZ_CP009610.1|cds-WP_011272121.1,1.000000,CORE
NZ_CP009610.1|cds-WP_005654204.1,1.000000,CORE
NZ_CP009610.1|cds-WP_011272052.1,1.000000,CORE
NZ_CP009610.1|cds-WP_005686459.1,0.900000,FLEX
NZ_CP009610.1|cds-WP_005629464.1,1.000000,CORE
NZ_CP009610.1|cds-WP_011272684.1,0.200000,FLEX
NZ_CP009610.1|cds-WP_038440590.1,1.000000,CORE
NZ_CP009610.1|cds-WP_005656441.1,1.000000,CORE
NZ_CP009610.1|cds-WP_005648000.1,1.000000,CORE
NZ_CP009610.1|cds-WP_005627389.1,1.000000,CORE
NZ_CP009610.1|cds-NF38_RS06375,0.200000,FLEX
NZ_CP009610.1|cds-WP_005688625.1,1.000000,CORE
NZ_CP009610.1|cds-WP_011272638.1,1.000000,CORE
NZ_CP009610.1|cds-WP_005689264.1,1.000000,CORE
NZ_CP009610.1|cds-WP_005625879.1,1.000000,CORE
NZ_CP009610.1|cds-WP_038441061.1,1.000000,CORE
NZ_CP009610.1|cds-WP_074031221.1,1.000000,CORE
NZ_CP009610.1|cds-WP_011272114.1,1.000000,CORE
NZ_CP009610.1|cds-WP_038440729.1,1.000000,CORE
NZ_CP009610.1|cds-WP_011271788.1,1.000000,CORE
NZ_CP009610.1|cds-WP_005689023.1,1.000000,CORE
NZ_CP009610.1|cds-WP_038440655.1,0.200000,FLEX
NZ_CP009610.1|cds-WP_005655205.1,1.000000,CORE
NZ_CP009610.1|cds-WP_005647479.1,1.000000,CORE
